CustomerID,OrderNumber,OrderDate,ProductID,ProductName,Category,MaterialType,CustomizationOptions,Quantity,UnitPrice_USD,TotalPrice_USD,CustomerCountry,CustomerCity,MarketingChannel,ShippingTime_Days
202,10000,2024-07-28 14:10:51.423612,512,Ankara Two-Piece Suit,Suit,Ankara,,2,312.54,625.08,Zambia,Lusaka,Website Search,11
279,10001,2024-09-16 14:10:51.423612,505,Chitenge Maxi Dress,Dress,Ankara,,1,230.45,230.45,USA,New York,Facebook Ad,12
192,10002,2025-06-03 14:10:51.423612,517,Chitenge Blazer & Trousers,Suit,Ankara,,3,251.12,753.36,UK,Manchester,Email Newsletter,14
114,10003,2024-08-12 14:10:51.423612,501,Chitenge Blazer & Trousers,Suit,Ankara,,3,284.6,853.8000000000001,Australia,Sydney,Instagram Ad,10
206,10004,2023-08-13 14:10:51.423612,507,Ankara Two-Piece Suit,Suit,Chitenge,Embroidered Collar,2,280.04,560.08,Zambia,Kitwe,Pinterest,8
171,10005,2023-12-05 14:10:51.423612,510,Chitenge Blazer & Trousers,Suit,Chitenge,,3,254.38,763.14,Zambia,Lusaka,Facebook Ad,10
288,10006,2024-07-18 14:10:51.423612,500,Chitenge Blazer & Trousers,Suit,Chitenge,Embroidered Collar,3,150.06,450.18,Zambia,Ndola,Referral,14
120,10007,2025-06-11 14:10:51.423612,505,Ankara Cocktail Dress,Dress,Mud Cloth,,2,91.91,183.82,Zambia,Livingstone,Website Search,4
202,10008,2023-11-03 14:10:51.423612,515,Chitenge Maxi Dress,Dress,Ankara,,3,95.05,285.15,South Africa,Cape Town,Referral,4
221,10009,2025-05-14 14:10:51.423612,519,Chitenge Maxi Dress,Dress,Mud Cloth,Sleeveless,2,147.71,295.42,Zambia,Ndola,Instagram Ad,2
174,10010,2025-07-03 14:10:51.423612,511,Mud Cloth Midi Dress,Dress,Mud Cloth,,1,168.83,168.83,USA,Houston,Facebook Ad,3
187,10011,2024-06-16 14:10:51.423612,510,Chitenge Button-Up Shirt,Shirt,Chitenge,,2,82.71,165.42,Zambia,Livingstone,Referral,4
216,10012,2024-01-30 14:10:51.423612,509,Ankara Cocktail Dress,Dress,Ankara,,1,119.71,119.71,Zambia,Lusaka,Pinterest,16
199,10013,2025-01-26 14:10:51.423612,502,Chitenge Maxi Dress,Dress,Chitenge,,1,247.91,247.91,USA,Los Angeles,Facebook Ad,7
203,10014,2023-09-15 14:10:51.423612,512,Ankara Two-Piece Suit,Suit,Ankara,Custom Lining,3,319.91,959.73,Zambia,Kitwe,Email Newsletter,14
251,10015,2025-07-09 14:10:51.423612,502,Ankara Cocktail Dress,Dress,Chitenge,,3,213.68,641.04,Zambia,Livingstone,Facebook Ad,2
230,10016,2024-12-19 14:10:51.423612,514,Ankara Cocktail Dress,Dress,Mud Cloth,Custom Lining,3,229.45,688.3499999999999,UK,Manchester,Facebook Ad,2
249,10017,2023-12-28 14:10:51.423612,515,Mud Cloth Scarf,Accessories,Ankara,Custom Lining,2,53.74,107.48,USA,New York,Website Search,3
152,10018,2024-02-22 14:10:51.423612,512,Mud Cloth Midi Dress,Dress,Chitenge,Sleeveless,3,190.44,571.3199999999999,Zambia,Livingstone,Referral,16
101,10019,2025-07-29 14:10:51.423612,516,Ankara Two-Piece Suit,Suit,Chitenge,,1,207.67,207.67,Australia,Sydney,Email Newsletter,15
187,10020,2024-11-08 14:10:51.423612,502,Ankara Cocktail Dress,Dress,Chitenge,,3,111.69,335.07,USA,Houston,Website Search,12
257,10021,2025-02-13 14:10:51.423612,519,Ankara Polished Shirt,Shirt,Chitenge,Tailored Fit,3,54.05,162.14999999999998,UK,Manchester,Facebook Ad,16
137,10022,2025-02-02 14:10:51.423612,510,Chitenge Headwrap,Accessories,Chitenge,,2,71.03,142.06,Zambia,Ndola,Instagram Ad,7
229,10023,2024-04-14 14:10:51.423612,518,Chitenge Headwrap,Accessories,Mud Cloth,,2,41.79,83.58,Zambia,Kitwe,Facebook Ad,10
291,10024,2024-08-29 14:10:51.423612,510,Ankara Polished Shirt,Shirt,Chitenge,,1,60.77,60.77,Zambia,Livingstone,Instagram Ad,6
287,10025,2025-03-21 14:10:51.423612,515,Ankara Polished Shirt,Shirt,Chitenge,,2,65.67,131.34,Zambia,Lusaka,Website Search,3
120,10026,2024-04-17 14:10:51.423612,502,Ankara Two-Piece Suit,Suit,Chitenge,,3,295.02,885.06,Zambia,Kitwe,Instagram Ad,7
260,10027,2025-07-14 14:10:51.423612,505,Chitenge Maxi Dress,Dress,Mud Cloth,,2,126.4,252.8,Australia,Sydney,Instagram Ad,19
157,10028,2024-10-28 14:10:51.423612,513,Ankara Two-Piece Suit,Suit,Ankara,,1,363.05,363.05,USA,New York,Instagram Ad,10
121,10029,2023-08-15 14:10:51.423612,517,Mud Cloth Midi Dress,Dress,Chitenge,Tailored Fit,3,173.65,520.95,Zambia,Ndola,Instagram Ad,7
188,10030,2024-04-03 14:10:51.423612,516,Mud Cloth Midi Dress,Dress,Ankara,,1,124.16,124.16,USA,New York,Facebook Ad,15
148,10031,2024-04-12 14:10:51.423612,503,Ankara Polished Shirt,Shirt,Ankara,Extra Pockets,2,55.67,111.34,Zambia,Ndola,Pinterest,14
158,10032,2023-08-10 14:10:51.423612,514,Chitenge Maxi Dress,Dress,Chitenge,,2,248.55,497.1,USA,Los Angeles,Website Search,12
269,10033,2023-12-02 14:10:51.423612,510,Chitenge Maxi Dress,Dress,Ankara,Embroidered Collar,1,180.71,180.71,USA,New York,Website Search,13
287,10034,2024-08-13 14:10:51.423612,502,Ankara Polished Shirt,Shirt,Ankara,,3,97.46,292.38,UK,Manchester,Website Search,14
114,10035,2023-10-09 14:10:51.423612,502,Ankara Two-Piece Suit,Suit,Ankara,Sleeveless,2,369.66,739.32,Australia,Sydney,Instagram Ad,15
289,10036,2023-12-29 14:10:51.423612,515,Ankara Polished Shirt,Shirt,Ankara,,2,109.54,219.08,Zambia,Kitwe,Pinterest,19
289,10037,2024-03-16 14:10:51.423612,504,Chitenge Button-Up Shirt,Shirt,Chitenge,Embroidered Collar,3,108.59,325.77,USA,Los Angeles,Instagram Ad,13
274,10038,2024-03-31 14:10:51.423612,509,Chitenge Blazer & Trousers,Suit,Chitenge,,2,304.65,609.3,Australia,Sydney,Facebook Ad,5
289,10039,2024-01-29 14:10:51.423612,518,Chitenge Button-Up Shirt,Shirt,Chitenge,Tailored Fit,1,111.66,111.66,UK,London,Referral,11
150,10040,2024-05-13 14:10:51.423612,503,Chitenge Button-Up Shirt,Shirt,Chitenge,Custom Lining,2,107.81,215.62,USA,Houston,Instagram Ad,18
207,10041,2023-10-07 14:10:51.423612,518,Mud Cloth Midi Dress,Dress,Chitenge,,2,206.4,412.8,Australia,Sydney,Website Search,5
154,10042,2024-03-09 14:10:51.423612,510,Ankara Cocktail Dress,Dress,Ankara,,3,208.63,625.89,Zambia,Livingstone,Facebook Ad,13
163,10043,2025-06-24 14:10:51.423612,501,Ankara Cocktail Dress,Dress,Chitenge,Sleeveless,1,184.88,184.88,Australia,Sydney,Website Search,14
230,10044,2024-11-08 14:10:51.423612,509,Chitenge Headwrap,Accessories,Mud Cloth,,3,40.72,122.16,Zambia,Kitwe,Facebook Ad,5
150,10045,2025-04-06 14:10:51.423612,510,Chitenge Maxi Dress,Dress,Mud Cloth,Tailored Fit,2,101.84,203.68,USA,Los Angeles,Instagram Ad,11
234,10046,2023-11-18 14:10:51.423612,519,Mud Cloth Midi Dress,Dress,Ankara,,2,153.48,306.96,Canada,Vancouver,Website Search,4
120,10047,2023-11-12 14:10:51.423612,515,Ankara Polished Shirt,Shirt,Ankara,,3,62.56,187.68,Zambia,Lusaka,Instagram Ad,16
172,10048,2024-12-28 14:10:51.423612,518,Ankara Polished Shirt,Shirt,Ankara,Custom Lining,3,62.16,186.48,USA,Houston,Facebook Ad,3
266,10049,2024-08-24 14:10:51.423612,510,Ankara Polished Shirt,Shirt,Chitenge,,3,61.65,184.95,Zambia,Lusaka,Instagram Ad,18
117,10050,2024-09-13 14:10:51.423612,513,Chitenge Button-Up Shirt,Shirt,Ankara,Embroidered Collar,1,83.15,83.15,Australia,Sydney,Referral,7
231,10051,2025-01-04 14:10:51.423612,501,Mud Cloth Midi Dress,Dress,Ankara,,2,228.16,456.32,South Africa,Cape Town,Website Search,9
188,10052,2024-11-23 14:10:51.423612,504,Chitenge Headwrap,Accessories,Mud Cloth,,3,27.15,81.44999999999999,UK,London,Facebook Ad,4
159,10053,2025-07-14 14:10:51.423612,504,Chitenge Button-Up Shirt,Shirt,Chitenge,,2,51.55,103.1,USA,New York,Email Newsletter,19
113,10054,2025-05-11 14:10:51.423612,518,Mud Cloth Midi Dress,Dress,Mud Cloth,,1,122.93,122.93,South Africa,Johannesburg,Pinterest,2
108,10055,2024-10-15 14:10:51.423612,511,Ankara Cocktail Dress,Dress,Ankara,,1,159.65,159.65,Zambia,Lusaka,Website Search,17
189,10056,2023-08-28 14:10:51.423612,517,Mud Cloth Scarf,Accessories,Chitenge,,1,66.98,66.98,Zambia,Lusaka,Website Search,8
152,10057,2025-02-20 14:10:51.423612,503,Ankara Two-Piece Suit,Suit,Ankara,,1,224.59,224.59,UK,London,Instagram Ad,4
229,10058,2025-06-12 14:10:51.423612,516,Chitenge Button-Up Shirt,Shirt,Ankara,,2,66.1,132.2,Zambia,Kitwe,Website Search,5
183,10059,2025-07-19 14:10:51.423612,509,Mud Cloth Midi Dress,Dress,Chitenge,Sleeveless,1,243.75,243.75,Zambia,Lusaka,Instagram Ad,10
191,10060,2024-11-05 14:10:51.423612,519,Chitenge Maxi Dress,Dress,Chitenge,,1,234.62,234.62,Zambia,Kitwe,Instagram Ad,6
210,10061,2023-10-27 14:10:51.423612,505,Ankara Polished Shirt,Shirt,Ankara,,3,103.21,309.63,Zambia,Lusaka,Email Newsletter,16
287,10062,2023-12-28 14:10:51.423612,513,Ankara Two-Piece Suit,Suit,Ankara,,1,230.19,230.19,Canada,Vancouver,Referral,9
298,10063,2023-10-29 14:10:51.423612,510,Ankara Polished Shirt,Shirt,Chitenge,,3,64.03,192.09,USA,Los Angeles,Facebook Ad,7
271,10064,2023-10-22 14:10:51.423612,510,Ankara Polished Shirt,Shirt,Ankara,Sleeveless,1,89.39,89.39,UK,London,Instagram Ad,19
107,10065,2024-11-04 14:10:51.423612,517,Ankara Two-Piece Suit,Suit,Chitenge,,1,189.81,189.81,Zambia,Livingstone,Referral,16
274,10066,2023-08-06 14:10:51.423612,517,Chitenge Maxi Dress,Dress,Chitenge,,3,106.12,318.36,Zambia,Ndola,Instagram Ad,8
134,10067,2023-09-25 14:10:51.423612,510,Chitenge Blazer & Trousers,Suit,Chitenge,,1,154.47,154.47,Zambia,Kitwe,Instagram Ad,11
180,10068,2025-06-20 14:10:51.423612,511,Ankara Polished Shirt,Shirt,Chitenge,,2,113.83,227.66,UK,London,Instagram Ad,7
263,10069,2025-07-22 14:10:51.423612,504,Ankara Handbag,Accessories,Mud Cloth,Embroidered Collar,2,46.48,92.96,USA,Houston,Facebook Ad,15
149,10070,2024-10-24 14:10:51.423612,508,Chitenge Maxi Dress,Dress,Ankara,,1,196.55,196.55,Australia,Sydney,Referral,18
203,10071,2024-10-27 14:10:51.423612,508,Chitenge Blazer & Trousers,Suit,Chitenge,Sleeveless,2,272.9,545.8,USA,New York,Instagram Ad,10
231,10072,2024-12-05 14:10:51.423612,509,Ankara Cocktail Dress,Dress,Chitenge,,3,125.73,377.19,USA,Los Angeles,Website Search,6
101,10073,2023-09-08 14:10:51.423612,518,Chitenge Button-Up Shirt,Shirt,Ankara,,1,81.87,81.87,USA,Houston,Instagram Ad,8
233,10074,2024-07-18 14:10:51.423612,500,Ankara Cocktail Dress,Dress,Ankara,Extra Pockets,1,146.72,146.72,Australia,Sydney,Website Search,8
153,10075,2023-11-08 14:10:51.423612,506,Ankara Two-Piece Suit,Suit,Chitenge,,3,222.92,668.76,UK,Manchester,Email Newsletter,3
205,10076,2023-10-16 14:10:51.423612,503,Ankara Two-Piece Suit,Suit,Chitenge,,3,344.96,1034.8799999999999,Zambia,Ndola,Website Search,17
103,10077,2025-02-06 14:10:51.423612,500,Ankara Cocktail Dress,Dress,Mud Cloth,,3,97.84,293.52,USA,New York,Pinterest,14
153,10078,2024-01-06 14:10:51.423612,514,Chitenge Maxi Dress,Dress,Ankara,,1,104.22,104.22,USA,Houston,Email Newsletter,9
290,10079,2024-04-11 14:10:51.423612,507,Chitenge Blazer & Trousers,Suit,Chitenge,,3,325.62,976.86,UK,Manchester,Facebook Ad,7
245,10080,2025-06-09 14:10:51.423612,511,Chitenge Blazer & Trousers,Suit,Chitenge,,3,231.62,694.86,Zambia,Ndola,Website Search,7
143,10081,2024-10-16 14:10:51.423612,517,Ankara Two-Piece Suit,Suit,Ankara,,2,237.66,475.32,Canada,Toronto,Pinterest,10
261,10082,2023-12-01 14:10:51.423612,514,Ankara Cocktail Dress,Dress,Ankara,,2,134.76,269.52,Australia,Sydney,Facebook Ad,5
289,10083,2024-06-06 14:10:51.423612,516,Ankara Handbag,Accessories,Ankara,,1,58.13,58.13,Zambia,Lusaka,Instagram Ad,12
113,10084,2024-04-29 14:10:51.423612,513,Ankara Polished Shirt,Shirt,Chitenge,,2,96.93,193.86,Canada,Vancouver,Email Newsletter,6
194,10085,2023-09-28 14:10:51.423612,513,Chitenge Headwrap,Accessories,Mud Cloth,,2,69.29,138.58,Zambia,Lusaka,Website Search,18
147,10086,2024-03-28 14:10:51.423612,517,Ankara Two-Piece Suit,Suit,Ankara,,3,303.24,909.72,Zambia,Ndola,Instagram Ad,8
114,10087,2024-08-28 14:10:51.423612,519,Ankara Cocktail Dress,Dress,Ankara,Custom Lining,3,213.18,639.54,Zambia,Lusaka,Facebook Ad,16
299,10088,2024-09-09 14:10:51.423612,517,Ankara Two-Piece Suit,Suit,Ankara,,2,315.21,630.42,Zambia,Kitwe,Website Search,16
289,10089,2025-04-20 14:10:51.423612,515,Chitenge Blazer & Trousers,Suit,Chitenge,Tailored Fit,2,345.96,691.92,South Africa,Johannesburg,Facebook Ad,15
139,10090,2024-06-03 14:10:51.423612,500,Ankara Two-Piece Suit,Suit,Ankara,,2,191.0,382.0,Zambia,Ndola,Referral,14
181,10091,2024-02-28 14:10:51.423612,510,Chitenge Blazer & Trousers,Suit,Chitenge,,1,298.32,298.32,Zambia,Kitwe,Website Search,12
210,10092,2024-03-21 14:10:51.423612,514,Ankara Two-Piece Suit,Suit,Ankara,,1,303.94,303.94,Zambia,Livingstone,Referral,14
152,10093,2025-03-05 14:10:51.423612,511,Ankara Cocktail Dress,Dress,Chitenge,,1,110.96,110.96,Zambia,Lusaka,Facebook Ad,10
123,10094,2023-10-19 14:10:51.423612,507,Chitenge Button-Up Shirt,Shirt,Ankara,,2,84.87,169.74,Zambia,Ndola,Website Search,11
253,10095,2024-10-13 14:10:51.423612,519,Chitenge Blazer & Trousers,Suit,Ankara,,2,207.11,414.22,USA,New York,Website Search,5
287,10096,2023-11-16 14:10:51.423612,505,Chitenge Headwrap,Accessories,Mud Cloth,,1,55.77,55.77,Zambia,Livingstone,Referral,18
223,10097,2024-09-30 14:10:51.423612,502,Mud Cloth Midi Dress,Dress,Chitenge,Extra Pockets,1,92.27,92.27,Canada,Vancouver,Facebook Ad,15
140,10098,2025-07-09 14:10:51.423612,512,Chitenge Maxi Dress,Dress,Mud Cloth,,2,158.65,317.3,South Africa,Cape Town,Facebook Ad,19
256,10099,2024-06-06 14:10:51.423612,512,Chitenge Button-Up Shirt,Shirt,Ankara,,3,101.99,305.96999999999997,Zambia,Livingstone,Email Newsletter,12
114,10100,2023-11-11 14:10:51.423612,501,Chitenge Blazer & Trousers,Suit,Chitenge,Sleeveless,1,242.76,242.76,Canada,Toronto,Instagram Ad,17
144,10101,2024-07-05 14:10:51.423612,504,Ankara Handbag,Accessories,Chitenge,,2,48.27,96.54,Zambia,Kitwe,Instagram Ad,2
164,10102,2024-10-13 14:10:51.423612,516,Chitenge Blazer & Trousers,Suit,Ankara,,2,248.88,497.76,Zambia,Kitwe,Facebook Ad,8
188,10103,2024-10-25 14:10:51.423612,505,Ankara Two-Piece Suit,Suit,Chitenge,,3,348.24,1044.72,Zambia,Livingstone,Pinterest,11
170,10104,2024-06-08 14:10:51.423612,501,Ankara Two-Piece Suit,Suit,Ankara,Extra Pockets,2,220.96,441.92,Zambia,Ndola,Instagram Ad,10
108,10105,2024-04-10 14:10:51.423612,503,Mud Cloth Midi Dress,Dress,Chitenge,Sleeveless,2,159.19,318.38,USA,New York,Instagram Ad,4
187,10106,2024-01-18 14:10:51.423612,510,Chitenge Button-Up Shirt,Shirt,Chitenge,,1,104.32,104.32,UK,London,Instagram Ad,15
228,10107,2024-11-28 14:10:51.423612,507,Chitenge Blazer & Trousers,Suit,Ankara,,1,308.14,308.14,Zambia,Ndola,Website Search,16
235,10108,2024-07-05 14:10:51.423612,511,Ankara Cocktail Dress,Dress,Mud Cloth,Extra Pockets,3,150.22,450.65999999999997,UK,London,Instagram Ad,3
162,10109,2025-01-28 14:10:51.423612,507,Chitenge Maxi Dress,Dress,Ankara,,3,96.56,289.68,Zambia,Lusaka,Facebook Ad,15
238,10110,2023-11-19 14:10:51.423612,510,Chitenge Blazer & Trousers,Suit,Chitenge,,2,294.85,589.7,UK,Manchester,Facebook Ad,17
180,10111,2025-02-18 14:10:51.423612,519,Ankara Two-Piece Suit,Suit,Chitenge,,1,313.03,313.03,Zambia,Kitwe,Pinterest,8
235,10112,2023-10-25 14:10:51.423612,507,Ankara Cocktail Dress,Dress,Mud Cloth,,3,191.65,574.95,Zambia,Livingstone,Facebook Ad,5
262,10113,2023-12-16 14:10:51.423612,507,Chitenge Maxi Dress,Dress,Mud Cloth,,3,157.14,471.41999999999996,Zambia,Kitwe,Instagram Ad,19
262,10114,2023-12-21 14:10:51.423612,516,Mud Cloth Midi Dress,Dress,Ankara,,3,108.86,326.58,Zambia,Ndola,Facebook Ad,6
132,10115,2024-02-05 14:10:51.423612,519,Chitenge Blazer & Trousers,Suit,Chitenge,,2,357.22,714.44,USA,Los Angeles,Email Newsletter,7
222,10116,2024-09-09 14:10:51.423612,519,Chitenge Blazer & Trousers,Suit,Chitenge,,1,304.29,304.29,South Africa,Cape Town,Referral,8
104,10117,2024-06-30 14:10:51.423612,515,Ankara Polished Shirt,Shirt,Ankara,Sleeveless,3,61.73,185.19,Zambia,Kitwe,Email Newsletter,16
140,10118,2024-12-25 14:10:51.423612,513,Chitenge Maxi Dress,Dress,Mud Cloth,,1,192.85,192.85,UK,London,Pinterest,2
127,10119,2023-10-13 14:10:51.423612,510,Ankara Two-Piece Suit,Suit,Chitenge,,3,351.42,1054.26,USA,New York,Instagram Ad,5
234,10120,2025-02-01 14:10:51.423612,506,Ankara Two-Piece Suit,Suit,Chitenge,,3,201.46,604.38,Canada,Vancouver,Website Search,2
171,10121,2023-09-27 14:10:51.423612,515,Ankara Cocktail Dress,Dress,Ankara,,1,89.7,89.7,Zambia,Kitwe,Instagram Ad,12
111,10122,2024-10-28 14:10:51.423612,512,Chitenge Blazer & Trousers,Suit,Chitenge,,1,159.84,159.84,USA,New York,Referral,19
261,10123,2024-02-26 14:10:51.423612,514,Ankara Cocktail Dress,Dress,Chitenge,,1,238.76,238.76,Australia,Sydney,Instagram Ad,15
132,10124,2023-12-09 14:10:51.423612,515,Chitenge Maxi Dress,Dress,Mud Cloth,Embroidered Collar,2,87.07,174.14,USA,New York,Facebook Ad,12
147,10125,2023-09-17 14:10:51.423612,508,Chitenge Maxi Dress,Dress,Ankara,Extra Pockets,3,244.07,732.21,Zambia,Ndola,Email Newsletter,11
250,10126,2023-11-24 14:10:51.423612,502,Ankara Cocktail Dress,Dress,Chitenge,,2,188.65,377.3,Zambia,Livingstone,Instagram Ad,18
161,10127,2025-05-29 14:10:51.423612,518,Chitenge Button-Up Shirt,Shirt,Ankara,,1,86.09,86.09,Zambia,Kitwe,Pinterest,5
136,10128,2024-02-04 14:10:51.423612,519,Chitenge Blazer & Trousers,Suit,Chitenge,,3,184.91,554.73,USA,New York,Instagram Ad,16
198,10129,2023-11-08 14:10:51.423612,504,Chitenge Maxi Dress,Dress,Ankara,Sleeveless,2,114.32,228.64,UK,Manchester,Instagram Ad,17
271,10130,2024-08-13 14:10:51.423612,509,Chitenge Blazer & Trousers,Suit,Ankara,Sleeveless,3,173.48,520.4399999999999,Zambia,Lusaka,Pinterest,14
203,10131,2025-01-06 14:10:51.423612,516,Chitenge Blazer & Trousers,Suit,Chitenge,,2,367.04,734.08,USA,New York,Referral,10
134,10132,2024-07-30 14:10:51.423612,514,Ankara Cocktail Dress,Dress,Chitenge,,1,222.48,222.48,USA,New York,Website Search,12
292,10133,2025-07-01 14:10:51.423612,507,Ankara Handbag,Accessories,Ankara,Sleeveless,2,47.34,94.68,USA,Los Angeles,Instagram Ad,12
200,10134,2024-05-12 14:10:51.423612,514,Chitenge Blazer & Trousers,Suit,Ankara,,3,292.65,877.9499999999999,USA,Houston,Facebook Ad,7
274,10135,2024-02-16 14:10:51.423612,513,Chitenge Maxi Dress,Dress,Ankara,,3,236.18,708.54,South Africa,Cape Town,Website Search,2
230,10136,2024-02-16 14:10:51.423612,519,Ankara Two-Piece Suit,Suit,Chitenge,,3,356.71,1070.1299999999999,Zambia,Ndola,Referral,7
100,10137,2025-06-02 14:10:51.423612,506,Ankara Two-Piece Suit,Suit,Chitenge,,3,237.14,711.42,Canada,Toronto,Facebook Ad,14
104,10138,2023-11-06 14:10:51.423612,511,Ankara Cocktail Dress,Dress,Mud Cloth,Tailored Fit,1,246.12,246.12,Zambia,Lusaka,Email Newsletter,6
241,10139,2025-06-07 14:10:51.423612,516,Chitenge Blazer & Trousers,Suit,Ankara,Custom Lining,2,345.6,691.2,Zambia,Kitwe,Website Search,16
202,10140,2023-10-05 14:10:51.423612,516,Ankara Two-Piece Suit,Suit,Ankara,,1,369.63,369.63,Zambia,Lusaka,Email Newsletter,19
126,10141,2025-04-30 14:10:51.423612,509,Chitenge Blazer & Trousers,Suit,Chitenge,,1,316.9,316.9,Zambia,Lusaka,Website Search,15
236,10142,2023-09-25 14:10:51.423612,518,Ankara Polished Shirt,Shirt,Chitenge,,1,105.85,105.85,Zambia,Ndola,Website Search,16
114,10143,2024-09-11 14:10:51.423612,513,Ankara Two-Piece Suit,Suit,Ankara,,3,180.05,540.1500000000001,Zambia,Lusaka,Instagram Ad,6
189,10144,2023-08-10 14:10:51.423612,510,Ankara Two-Piece Suit,Suit,Ankara,,3,231.15,693.45,South Africa,Cape Town,Facebook Ad,5
141,10145,2024-11-13 14:10:51.423612,501,Mud Cloth Midi Dress,Dress,Mud Cloth,,3,198.23,594.6899999999999,Zambia,Kitwe,Pinterest,3
223,10146,2025-03-31 14:10:51.423612,517,Chitenge Maxi Dress,Dress,Chitenge,,2,120.38,240.76,UK,London,Instagram Ad,8
278,10147,2025-06-17 14:10:51.423612,506,Ankara Cocktail Dress,Dress,Ankara,,3,179.8,539.4000000000001,Zambia,Lusaka,Instagram Ad,11
162,10148,2025-01-20 14:10:51.423612,511,Ankara Cocktail Dress,Dress,Ankara,,2,209.09,418.18,Australia,Sydney,Facebook Ad,17
195,10149,2024-09-13 14:10:51.423612,501,Ankara Two-Piece Suit,Suit,Chitenge,,3,387.87,1163.6100000000001,UK,Manchester,Instagram Ad,11
151,10150,2024-12-30 14:10:51.423612,519,Ankara Polished Shirt,Shirt,Chitenge,,3,106.96,320.88,Zambia,Lusaka,Email Newsletter,19
195,10151,2025-05-11 14:10:51.423612,517,Chitenge Maxi Dress,Dress,Ankara,,1,169.53,169.53,UK,Manchester,Pinterest,18
231,10152,2024-03-25 14:10:51.423612,505,Mud Cloth Midi Dress,Dress,Mud Cloth,Custom Lining,1,210.03,210.03,USA,Los Angeles,Facebook Ad,14
250,10153,2025-01-10 14:10:51.423612,509,Ankara Polished Shirt,Shirt,Ankara,,1,116.89,116.89,UK,Manchester,Instagram Ad,2
242,10154,2024-07-16 14:10:51.423612,519,Mud Cloth Midi Dress,Dress,Mud Cloth,,2,81.29,162.58,USA,Houston,Website Search,2
270,10155,2023-09-20 14:10:51.423612,514,Chitenge Blazer & Trousers,Suit,Ankara,Tailored Fit,2,210.87,421.74,USA,Los Angeles,Referral,16
128,10156,2025-02-01 14:10:51.423612,504,Mud Cloth Scarf,Accessories,Chitenge,Custom Lining,3,46.36,139.07999999999998,UK,London,Email Newsletter,2
135,10157,2023-10-22 14:10:51.423612,519,Ankara Cocktail Dress,Dress,Chitenge,,2,184.95,369.9,Zambia,Ndola,Referral,7
112,10158,2025-08-04 14:10:51.423612,502,Chitenge Blazer & Trousers,Suit,Ankara,Embroidered Collar,3,382.4,1147.1999999999998,Zambia,Kitwe,Facebook Ad,14
259,10159,2023-10-17 14:10:51.423612,504,Chitenge Blazer & Trousers,Suit,Chitenge,,2,172.41,344.82,South Africa,Cape Town,Facebook Ad,2
170,10160,2024-04-10 14:10:51.423612,507,Ankara Polished Shirt,Shirt,Chitenge,,2,118.37,236.74,Zambia,Kitwe,Email Newsletter,6
286,10161,2023-09-21 14:10:51.423612,507,Ankara Polished Shirt,Shirt,Chitenge,,2,58.63,117.26,USA,Houston,Website Search,10
185,10162,2023-12-04 14:10:51.423612,507,Chitenge Button-Up Shirt,Shirt,Chitenge,,1,62.92,62.92,Zambia,Lusaka,Website Search,18
127,10163,2024-03-06 14:10:51.423612,511,Chitenge Maxi Dress,Dress,Ankara,,2,111.49,222.98,USA,Los Angeles,Instagram Ad,17
165,10164,2024-03-31 14:10:51.423612,507,Ankara Handbag,Accessories,Mud Cloth,,1,64.87,64.87,Australia,Sydney,Website Search,9
269,10165,2023-09-30 14:10:51.423612,510,Chitenge Maxi Dress,Dress,Ankara,,1,99.09,99.09,Zambia,Livingstone,Website Search,18
144,10166,2024-07-20 14:10:51.423612,513,Ankara Cocktail Dress,Dress,Ankara,,2,167.58,335.16,Zambia,Lusaka,Facebook Ad,16
161,10167,2023-11-20 14:10:51.423612,507,Chitenge Blazer & Trousers,Suit,Ankara,,3,311.65,934.9499999999999,USA,Los Angeles,Facebook Ad,2
284,10168,2023-09-22 14:10:51.423612,509,Chitenge Maxi Dress,Dress,Chitenge,,3,234.0,702.0,South Africa,Cape Town,Instagram Ad,13
233,10169,2025-02-28 14:10:51.423612,506,Chitenge Button-Up Shirt,Shirt,Ankara,,3,67.9,203.70000000000002,Zambia,Livingstone,Instagram Ad,6
127,10170,2024-07-07 14:10:51.423612,516,Mud Cloth Midi Dress,Dress,Mud Cloth,Sleeveless,2,193.48,386.96,Zambia,Livingstone,Instagram Ad,7
127,10171,2023-08-31 14:10:51.423612,503,Ankara Cocktail Dress,Dress,Chitenge,Sleeveless,3,152.07,456.21,Australia,Sydney,Instagram Ad,2
207,10172,2024-04-18 14:10:51.423612,512,Chitenge Maxi Dress,Dress,Mud Cloth,Tailored Fit,1,227.77,227.77,USA,Los Angeles,Referral,2
143,10173,2023-08-13 14:10:51.423612,503,Ankara Two-Piece Suit,Suit,Ankara,,3,194.61,583.83,Zambia,Livingstone,Instagram Ad,11
183,10174,2025-04-21 14:10:51.423612,504,Mud Cloth Midi Dress,Dress,Mud Cloth,Sleeveless,2,172.94,345.88,Zambia,Livingstone,Instagram Ad,11
129,10175,2024-04-14 14:10:51.423612,503,Ankara Cocktail Dress,Dress,Chitenge,,3,181.06,543.1800000000001,USA,New York,Pinterest,4
289,10176,2025-06-27 14:10:51.423612,517,Chitenge Blazer & Trousers,Suit,Chitenge,,1,184.11,184.11,Zambia,Kitwe,Referral,18
174,10177,2025-07-24 14:10:51.423612,505,Ankara Two-Piece Suit,Suit,Chitenge,,2,257.05,514.1,Zambia,Ndola,Referral,12
227,10178,2024-06-03 14:10:51.423612,501,Chitenge Button-Up Shirt,Shirt,Chitenge,,3,119.39,358.17,Canada,Toronto,Facebook Ad,19
191,10179,2025-05-05 14:10:51.423612,510,Mud Cloth Midi Dress,Dress,Ankara,,2,137.33,274.66,Zambia,Lusaka,Website Search,3
289,10180,2023-09-30 14:10:51.423612,513,Chitenge Headwrap,Accessories,Ankara,,2,34.57,69.14,UK,London,Instagram Ad,10
228,10181,2025-07-31 14:10:51.423612,504,Chitenge Blazer & Trousers,Suit,Ankara,Embroidered Collar,2,250.3,500.6,Zambia,Livingstone,Pinterest,18
220,10182,2025-01-12 14:10:51.423612,505,Ankara Cocktail Dress,Dress,Chitenge,,3,184.92,554.76,UK,Manchester,Instagram Ad,15
126,10183,2024-11-21 14:10:51.423612,509,Chitenge Blazer & Trousers,Suit,Chitenge,,2,317.4,634.8,UK,Manchester,Website Search,5
289,10184,2023-09-02 14:10:51.423612,507,Chitenge Maxi Dress,Dress,Ankara,Custom Lining,3,180.78,542.34,Zambia,Ndola,Facebook Ad,18
220,10185,2023-10-22 14:10:51.423612,513,Chitenge Blazer & Trousers,Suit,Ankara,,1,264.21,264.21,USA,Los Angeles,Website Search,18
215,10186,2024-03-08 14:10:51.423612,502,Ankara Cocktail Dress,Dress,Mud Cloth,,3,144.34,433.02,Zambia,Lusaka,Facebook Ad,13
102,10187,2024-08-25 14:10:51.423612,511,Mud Cloth Midi Dress,Dress,Ankara,,1,155.88,155.88,Canada,Vancouver,Facebook Ad,19
202,10188,2024-08-04 14:10:51.423612,515,Ankara Cocktail Dress,Dress,Ankara,,3,242.8,728.4000000000001,Canada,Toronto,Instagram Ad,4
297,10189,2025-06-01 14:10:51.423612,516,Mud Cloth Midi Dress,Dress,Mud Cloth,,2,114.16,228.32,Zambia,Livingstone,Referral,12
299,10190,2025-01-12 14:10:51.423612,500,Chitenge Blazer & Trousers,Suit,Chitenge,,3,262.59,787.77,Zambia,Kitwe,Email Newsletter,19
254,10191,2025-07-04 14:10:51.423612,509,Chitenge Button-Up Shirt,Shirt,Ankara,,2,96.54,193.08,Zambia,Livingstone,Pinterest,5
236,10192,2024-06-12 14:10:51.423612,509,Ankara Polished Shirt,Shirt,Ankara,,1,66.42,66.42,UK,Manchester,Instagram Ad,18
161,10193,2023-08-12 14:10:51.423612,501,Ankara Cocktail Dress,Dress,Chitenge,,3,205.32,615.96,Zambia,Livingstone,Facebook Ad,19
264,10194,2023-08-08 14:10:51.423612,508,Chitenge Button-Up Shirt,Shirt,Chitenge,,2,97.01,194.02,Zambia,Ndola,Email Newsletter,6
150,10195,2025-04-19 14:10:51.423612,512,Ankara Cocktail Dress,Dress,Ankara,,1,213.94,213.94,Zambia,Ndola,Facebook Ad,15
271,10196,2024-08-02 14:10:51.423612,515,Chitenge Button-Up Shirt,Shirt,Ankara,Embroidered Collar,1,85.48,85.48,Zambia,Ndola,Website Search,11
251,10197,2024-12-25 14:10:51.423612,517,Chitenge Maxi Dress,Dress,Ankara,,3,100.0,300.0,UK,London,Email Newsletter,16
158,10198,2024-05-05 14:10:51.423612,518,Chitenge Maxi Dress,Dress,Ankara,,1,144.75,144.75,Zambia,Ndola,Pinterest,2
217,10199,2024-12-23 14:10:51.423612,511,Chitenge Maxi Dress,Dress,Chitenge,,2,166.65,333.3,USA,New York,Facebook Ad,17
259,10200,2023-08-20 14:10:51.423612,507,Ankara Polished Shirt,Shirt,Chitenge,,1,115.97,115.97,Zambia,Livingstone,Facebook Ad,12
195,10201,2024-02-13 14:10:51.423612,516,Ankara Polished Shirt,Shirt,Chitenge,,1,105.04,105.04,Zambia,Kitwe,Facebook Ad,7
279,10202,2025-04-27 14:10:51.423612,514,Chitenge Blazer & Trousers,Suit,Ankara,,2,247.76,495.52,USA,Houston,Website Search,17
212,10203,2024-12-02 14:10:51.423612,509,Ankara Two-Piece Suit,Suit,Chitenge,Tailored Fit,1,284.93,284.93,Australia,Sydney,Instagram Ad,3
161,10204,2023-09-02 14:10:51.423612,514,Chitenge Blazer & Trousers,Suit,Chitenge,Embroidered Collar,1,283.12,283.12,UK,London,Instagram Ad,2
285,10205,2025-07-19 14:10:51.423612,514,Chitenge Button-Up Shirt,Shirt,Ankara,,1,64.84,64.84,Zambia,Kitwe,Facebook Ad,10
151,10206,2023-09-13 14:10:51.423612,506,Chitenge Button-Up Shirt,Shirt,Chitenge,Sleeveless,1,51.6,51.6,Zambia,Kitwe,Instagram Ad,13
111,10207,2024-05-04 14:10:51.423612,512,Mud Cloth Midi Dress,Dress,Ankara,,2,242.74,485.48,Canada,Toronto,Website Search,18
138,10208,2024-03-23 14:10:51.423612,516,Chitenge Blazer & Trousers,Suit,Ankara,,1,293.79,293.79,Zambia,Livingstone,Referral,16
229,10209,2023-10-30 14:10:51.423612,508,Ankara Two-Piece Suit,Suit,Chitenge,,2,301.59,603.18,Zambia,Kitwe,Facebook Ad,11
230,10210,2024-11-21 14:10:51.423612,507,Ankara Cocktail Dress,Dress,Ankara,,1,109.72,109.72,Canada,Vancouver,Facebook Ad,13
212,10211,2023-12-09 14:10:51.423612,519,Ankara Two-Piece Suit,Suit,Chitenge,Sleeveless,1,186.59,186.59,South Africa,Cape Town,Email Newsletter,15
200,10212,2025-01-23 14:10:51.423612,517,Chitenge Maxi Dress,Dress,Ankara,,1,166.04,166.04,Australia,Sydney,Instagram Ad,10
212,10213,2023-12-28 14:10:51.423612,512,Chitenge Maxi Dress,Dress,Chitenge,,1,239.2,239.2,Australia,Sydney,Website Search,14
283,10214,2025-01-11 14:10:51.423612,515,Chitenge Button-Up Shirt,Shirt,Ankara,Extra Pockets,2,109.6,219.2,Canada,Toronto,Email Newsletter,4
180,10215,2024-03-04 14:10:51.423612,508,Mud Cloth Midi Dress,Dress,Ankara,,2,182.43,364.86,Zambia,Kitwe,Facebook Ad,15
286,10216,2023-08-30 14:10:51.423612,511,Mud Cloth Midi Dress,Dress,Mud Cloth,,2,175.95,351.9,Zambia,Livingstone,Referral,11
212,10217,2025-03-07 14:10:51.423612,511,Chitenge Maxi Dress,Dress,Ankara,,3,162.38,487.14,USA,Houston,Email Newsletter,17
101,10218,2024-09-02 14:10:51.423612,505,Chitenge Button-Up Shirt,Shirt,Ankara,Sleeveless,1,70.81,70.81,USA,Houston,Instagram Ad,8
229,10219,2023-10-11 14:10:51.423612,518,Ankara Two-Piece Suit,Suit,Ankara,Sleeveless,1,168.66,168.66,USA,Houston,Facebook Ad,5
153,10220,2024-03-25 14:10:51.423612,506,Ankara Polished Shirt,Shirt,Chitenge,,2,62.44,124.88,Zambia,Lusaka,Facebook Ad,12
186,10221,2023-11-22 14:10:51.423612,502,Ankara Two-Piece Suit,Suit,Chitenge,,3,308.3,924.9000000000001,Zambia,Lusaka,Instagram Ad,17
228,10222,2023-12-29 14:10:51.423612,515,Chitenge Maxi Dress,Dress,Mud Cloth,,1,117.54,117.54,USA,Houston,Pinterest,5
246,10223,2023-11-24 14:10:51.423612,517,Ankara Cocktail Dress,Dress,Mud Cloth,Sleeveless,2,203.13,406.26,Zambia,Lusaka,Pinterest,18
225,10224,2024-03-20 14:10:51.423612,515,Chitenge Button-Up Shirt,Shirt,Ankara,,1,95.79,95.79,Zambia,Ndola,Website Search,14
229,10225,2023-11-24 14:10:51.423612,506,Mud Cloth Midi Dress,Dress,Ankara,,1,220.68,220.68,USA,Houston,Instagram Ad,12
152,10226,2024-11-17 14:10:51.423612,503,Ankara Polished Shirt,Shirt,Chitenge,Extra Pockets,2,50.77,101.54,UK,Manchester,Instagram Ad,4
271,10227,2023-09-08 14:10:51.423612,507,Ankara Two-Piece Suit,Suit,Ankara,,2,154.8,309.6,Zambia,Livingstone,Referral,10
259,10228,2025-04-19 14:10:51.423612,512,Ankara Cocktail Dress,Dress,Mud Cloth,,1,103.31,103.31,USA,Los Angeles,Instagram Ad,7
297,10229,2024-08-08 14:10:51.423612,512,Ankara Two-Piece Suit,Suit,Ankara,,1,153.03,153.03,UK,Manchester,Website Search,12
259,10230,2025-03-22 14:10:51.423612,516,Chitenge Maxi Dress,Dress,Chitenge,Custom Lining,2,216.26,432.52,Zambia,Kitwe,Facebook Ad,17
167,10231,2025-02-09 14:10:51.423612,516,Chitenge Headwrap,Accessories,Mud Cloth,,1,34.62,34.62,Zambia,Livingstone,Website Search,6
282,10232,2024-10-03 14:10:51.423612,504,Ankara Two-Piece Suit,Suit,Chitenge,,1,216.5,216.5,Zambia,Livingstone,Referral,15
283,10233,2025-04-09 14:10:51.423612,505,Ankara Cocktail Dress,Dress,Ankara,,2,135.19,270.38,Zambia,Ndola,Facebook Ad,18
222,10234,2025-01-04 14:10:51.423612,518,Ankara Polished Shirt,Shirt,Chitenge,,1,76.31,76.31,Australia,Sydney,Instagram Ad,4
244,10235,2025-06-27 14:10:51.423612,512,Ankara Cocktail Dress,Dress,Ankara,,1,213.45,213.45,Zambia,Ndola,Facebook Ad,5
137,10236,2024-05-13 14:10:51.423612,513,Chitenge Button-Up Shirt,Shirt,Ankara,,3,105.08,315.24,USA,Los Angeles,Facebook Ad,17
123,10237,2024-06-20 14:10:51.423612,503,Chitenge Maxi Dress,Dress,Ankara,Custom Lining,2,154.39,308.78,Zambia,Kitwe,Website Search,17
168,10238,2024-10-21 14:10:51.423612,506,Ankara Cocktail Dress,Dress,Ankara,,3,86.53,259.59000000000003,Zambia,Kitwe,Website Search,5
215,10239,2024-06-15 14:10:51.423612,507,Chitenge Headwrap,Accessories,Mud Cloth,,3,47.25,141.75,USA,Los Angeles,Website Search,18
197,10240,2024-08-16 14:10:51.423612,512,Ankara Cocktail Dress,Dress,Chitenge,,3,184.37,553.11,Zambia,Kitwe,Email Newsletter,14
297,10241,2024-05-20 14:10:51.423612,505,Chitenge Maxi Dress,Dress,Mud Cloth,,1,97.97,97.97,USA,Houston,Instagram Ad,2
238,10242,2024-10-15 14:10:51.423612,505,Mud Cloth Scarf,Accessories,Chitenge,Tailored Fit,1,22.63,22.63,Zambia,Livingstone,Instagram Ad,13
243,10243,2025-05-28 14:10:51.423612,502,Mud Cloth Midi Dress,Dress,Mud Cloth,,3,192.04,576.12,Zambia,Livingstone,Facebook Ad,5
196,10244,2024-05-08 14:10:51.423612,502,Chitenge Button-Up Shirt,Shirt,Ankara,,3,52.49,157.47,USA,Los Angeles,Website Search,12
223,10245,2025-07-15 14:10:51.423612,512,Chitenge Blazer & Trousers,Suit,Chitenge,,3,265.49,796.47,Zambia,Kitwe,Facebook Ad,6
286,10246,2025-03-09 14:10:51.423612,501,Mud Cloth Scarf,Accessories,Mud Cloth,,1,56.38,56.38,Canada,Vancouver,Pinterest,3
169,10247,2024-12-20 14:10:51.423612,515,Mud Cloth Midi Dress,Dress,Ankara,,3,96.73,290.19,USA,New York,Facebook Ad,18
192,10248,2025-04-20 14:10:51.423612,505,Chitenge Blazer & Trousers,Suit,Chitenge,,3,216.26,648.78,Zambia,Kitwe,Email Newsletter,9
102,10249,2025-01-02 14:10:51.423612,507,Chitenge Maxi Dress,Dress,Mud Cloth,Embroidered Collar,2,213.02,426.04,Zambia,Lusaka,Email Newsletter,7
247,10250,2024-07-20 14:10:51.423612,507,Chitenge Maxi Dress,Dress,Ankara,Extra Pockets,2,193.45,386.9,USA,Los Angeles,Instagram Ad,10
286,10251,2024-10-24 14:10:51.423612,505,Ankara Cocktail Dress,Dress,Ankara,,1,91.77,91.77,UK,London,Facebook Ad,14
263,10252,2024-07-20 14:10:51.423612,513,Mud Cloth Scarf,Accessories,Ankara,Custom Lining,2,69.27,138.54,Zambia,Ndola,Referral,12
246,10253,2025-04-03 14:10:51.423612,502,Mud Cloth Midi Dress,Dress,Ankara,,2,182.32,364.64,South Africa,Cape Town,Instagram Ad,17
189,10254,2025-05-30 14:10:51.423612,509,Ankara Two-Piece Suit,Suit,Chitenge,,2,352.94,705.88,Zambia,Ndola,Facebook Ad,17
294,10255,2023-12-20 14:10:51.423612,502,Ankara Two-Piece Suit,Suit,Chitenge,,1,234.57,234.57,South Africa,Cape Town,Website Search,3
246,10256,2024-04-04 14:10:51.423612,511,Mud Cloth Scarf,Accessories,Chitenge,,2,40.47,80.94,Zambia,Ndola,Instagram Ad,11
247,10257,2025-01-29 14:10:51.423612,516,Chitenge Blazer & Trousers,Suit,Chitenge,,1,303.23,303.23,Canada,Toronto,Referral,13
195,10258,2023-09-14 14:10:51.423612,504,Ankara Handbag,Accessories,Chitenge,,3,57.18,171.54,USA,New York,Website Search,9
298,10259,2024-03-21 14:10:51.423612,519,Ankara Two-Piece Suit,Suit,Chitenge,,2,398.1,796.2,Zambia,Kitwe,Instagram Ad,12
151,10260,2025-02-03 14:10:51.423612,508,Chitenge Blazer & Trousers,Suit,Ankara,,1,369.82,369.82,Zambia,Kitwe,Facebook Ad,11
260,10261,2024-03-15 14:10:51.423612,519,Mud Cloth Midi Dress,Dress,Ankara,,2,188.13,376.26,Zambia,Kitwe,Instagram Ad,14
267,10262,2023-08-11 14:10:51.423612,506,Ankara Cocktail Dress,Dress,Ankara,Sleeveless,3,203.84,611.52,Australia,Sydney,Website Search,18
227,10263,2024-06-22 14:10:51.423612,503,Ankara Polished Shirt,Shirt,Ankara,,1,62.42,62.42,Zambia,Livingstone,Instagram Ad,8
138,10264,2024-11-15 14:10:51.423612,512,Ankara Two-Piece Suit,Suit,Ankara,,1,384.35,384.35,Zambia,Livingstone,Pinterest,4
181,10265,2023-10-19 14:10:51.423612,512,Ankara Cocktail Dress,Dress,Ankara,,1,102.39,102.39,USA,Houston,Facebook Ad,14
203,10266,2023-08-09 14:10:51.423612,509,Chitenge Button-Up Shirt,Shirt,Ankara,,3,64.95,194.85000000000002,USA,New York,Instagram Ad,8
228,10267,2025-05-12 14:10:51.423612,517,Chitenge Blazer & Trousers,Suit,Chitenge,Tailored Fit,3,333.2,999.5999999999999,USA,Houston,Facebook Ad,10
110,10268,2023-12-01 14:10:51.423612,516,Ankara Two-Piece Suit,Suit,Ankara,,3,277.09,831.27,USA,Los Angeles,Facebook Ad,14
284,10269,2025-04-02 14:10:51.423612,519,Mud Cloth Midi Dress,Dress,Mud Cloth,,1,197.11,197.11,Zambia,Livingstone,Facebook Ad,9
277,10270,2024-12-21 14:10:51.423612,519,Chitenge Button-Up Shirt,Shirt,Chitenge,Embroidered Collar,3,103.28,309.84000000000003,Australia,Sydney,Referral,19
250,10271,2025-03-01 14:10:51.423612,512,Ankara Cocktail Dress,Dress,Ankara,,2,81.59,163.18,Zambia,Livingstone,Facebook Ad,3
258,10272,2024-10-19 14:10:51.423612,516,Chitenge Maxi Dress,Dress,Mud Cloth,,3,248.61,745.83,Zambia,Kitwe,Instagram Ad,19
141,10273,2024-02-15 14:10:51.423612,503,Ankara Cocktail Dress,Dress,Ankara,,1,114.69,114.69,UK,London,Instagram Ad,19
198,10274,2025-07-20 14:10:51.423612,500,Chitenge Blazer & Trousers,Suit,Chitenge,Extra Pockets,2,304.0,608.0,USA,New York,Website Search,12
106,10275,2024-08-31 14:10:51.423612,500,Chitenge Maxi Dress,Dress,Chitenge,,3,171.58,514.74,Zambia,Lusaka,Referral,2
243,10276,2023-08-31 14:10:51.423612,514,Chitenge Blazer & Trousers,Suit,Chitenge,,2,359.99,719.98,USA,Los Angeles,Facebook Ad,15
189,10277,2024-10-13 14:10:51.423612,512,Ankara Polished Shirt,Shirt,Ankara,,2,102.47,204.94,Zambia,Kitwe,Pinterest,17
211,10278,2024-01-25 14:10:51.423612,516,Ankara Polished Shirt,Shirt,Chitenge,,1,102.94,102.94,Zambia,Kitwe,Facebook Ad,12
159,10279,2024-05-31 14:10:51.423612,507,Ankara Polished Shirt,Shirt,Ankara,,2,85.14,170.28,Canada,Toronto,Website Search,2
212,10280,2025-05-11 14:10:51.423612,517,Mud Cloth Midi Dress,Dress,Chitenge,,2,189.37,378.74,Zambia,Livingstone,Facebook Ad,8
101,10281,2024-06-26 14:10:51.423612,512,Ankara Polished Shirt,Shirt,Chitenge,,1,59.65,59.65,Zambia,Ndola,Instagram Ad,17
228,10282,2024-09-18 14:10:51.423612,513,Chitenge Blazer & Trousers,Suit,Chitenge,Extra Pockets,1,194.59,194.59,South Africa,Johannesburg,Email Newsletter,15
147,10283,2023-12-01 14:10:51.423612,507,Ankara Cocktail Dress,Dress,Chitenge,Sleeveless,1,145.9,145.9,Australia,Sydney,Facebook Ad,16
239,10284,2025-07-29 14:10:51.423612,507,Ankara Two-Piece Suit,Suit,Chitenge,,2,277.53,555.06,USA,Los Angeles,Website Search,15
296,10285,2024-03-17 14:10:51.423612,514,Chitenge Button-Up Shirt,Shirt,Ankara,Embroidered Collar,2,65.78,131.56,USA,Houston,Instagram Ad,12
136,10286,2025-01-18 14:10:51.423612,512,Ankara Polished Shirt,Shirt,Ankara,,2,84.06,168.12,USA,New York,Referral,17
259,10287,2023-11-26 14:10:51.423612,506,Ankara Two-Piece Suit,Suit,Ankara,,1,155.73,155.73,Australia,Sydney,Pinterest,18
108,10288,2023-12-23 14:10:51.423612,504,Mud Cloth Midi Dress,Dress,Ankara,,3,105.33,315.99,Canada,Toronto,Instagram Ad,7
198,10289,2025-02-14 14:10:51.423612,516,Chitenge Blazer & Trousers,Suit,Chitenge,Embroidered Collar,2,395.49,790.98,Zambia,Livingstone,Pinterest,12
246,10290,2023-08-06 14:10:51.423612,515,Mud Cloth Midi Dress,Dress,Chitenge,Sleeveless,3,105.07,315.21,Zambia,Livingstone,Referral,18
147,10291,2023-11-03 14:10:51.423612,501,Mud Cloth Midi Dress,Dress,Chitenge,,1,95.06,95.06,USA,Los Angeles,Referral,10
230,10292,2025-05-20 14:10:51.423612,517,Mud Cloth Midi Dress,Dress,Mud Cloth,Extra Pockets,2,210.32,420.64,UK,Manchester,Facebook Ad,19
247,10293,2024-06-20 14:10:51.423612,516,Ankara Polished Shirt,Shirt,Chitenge,,3,62.14,186.42000000000002,USA,New York,Pinterest,18
251,10294,2025-02-05 14:10:51.423612,506,Chitenge Blazer & Trousers,Suit,Chitenge,Tailored Fit,2,194.56,389.12,USA,New York,Instagram Ad,13
153,10295,2023-12-22 14:10:51.423612,512,Ankara Two-Piece Suit,Suit,Chitenge,Custom Lining,2,336.8,673.6,Australia,Sydney,Instagram Ad,6
219,10296,2024-12-28 14:10:51.423612,517,Ankara Polished Shirt,Shirt,Ankara,,2,64.21,128.42,Zambia,Kitwe,Pinterest,12
260,10297,2024-04-20 14:10:51.423612,513,Chitenge Blazer & Trousers,Suit,Chitenge,Sleeveless,3,191.32,573.96,Zambia,Kitwe,Website Search,5
251,10298,2025-06-08 14:10:51.423612,517,Ankara Polished Shirt,Shirt,Ankara,,1,91.05,91.05,Zambia,Lusaka,Instagram Ad,5
215,10299,2025-06-25 14:10:51.423612,512,Ankara Two-Piece Suit,Suit,Ankara,,2,345.65,691.3,Zambia,Lusaka,Facebook Ad,4
174,10300,2023-08-15 14:10:51.423612,510,Mud Cloth Midi Dress,Dress,Ankara,,1,118.34,118.34,Zambia,Ndola,Facebook Ad,18
212,10301,2024-04-22 14:10:51.423612,515,Chitenge Maxi Dress,Dress,Chitenge,,1,153.98,153.98,Zambia,Ndola,Facebook Ad,8
299,10302,2025-05-16 14:10:51.423612,516,Ankara Handbag,Accessories,Ankara,Extra Pockets,3,24.43,73.28999999999999,USA,New York,Instagram Ad,5
263,10303,2024-01-24 14:10:51.423612,507,Ankara Polished Shirt,Shirt,Chitenge,,3,80.58,241.74,Canada,Vancouver,Website Search,14
265,10304,2023-08-18 14:10:51.423612,518,Ankara Polished Shirt,Shirt,Chitenge,,1,61.12,61.12,USA,Houston,Instagram Ad,13
203,10305,2024-01-20 14:10:51.423612,519,Chitenge Blazer & Trousers,Suit,Ankara,Embroidered Collar,2,337.84,675.68,USA,New York,Website Search,2
183,10306,2025-05-08 14:10:51.423612,514,Chitenge Blazer & Trousers,Suit,Ankara,Custom Lining,3,167.24,501.72,Zambia,Livingstone,Pinterest,19
211,10307,2025-03-23 14:10:51.423612,508,Ankara Cocktail Dress,Dress,Ankara,,2,124.49,248.98,UK,London,Facebook Ad,12
198,10308,2024-06-21 14:10:51.423612,519,Ankara Cocktail Dress,Dress,Ankara,Custom Lining,2,126.23,252.46,UK,London,Instagram Ad,4
252,10309,2024-06-19 14:10:51.423612,509,Ankara Polished Shirt,Shirt,Chitenge,,2,104.37,208.74,USA,Houston,Instagram Ad,18
192,10310,2025-04-09 14:10:51.423612,511,Chitenge Maxi Dress,Dress,Mud Cloth,Embroidered Collar,1,90.65,90.65,Zambia,Ndola,Facebook Ad,13
245,10311,2024-06-29 14:10:51.423612,519,Chitenge Headwrap,Accessories,Chitenge,,2,49.28,98.56,Zambia,Ndola,Website Search,11
227,10312,2025-02-05 14:10:51.423612,500,Ankara Two-Piece Suit,Suit,Chitenge,,1,374.96,374.96,Zambia,Ndola,Facebook Ad,9
209,10313,2024-09-27 14:10:51.423612,519,Mud Cloth Midi Dress,Dress,Mud Cloth,,1,229.96,229.96,USA,Los Angeles,Referral,16
181,10314,2025-04-02 14:10:51.423612,508,Ankara Cocktail Dress,Dress,Ankara,,2,204.24,408.48,South Africa,Johannesburg,Facebook Ad,6
293,10315,2023-11-08 14:10:51.423612,514,Ankara Handbag,Accessories,Chitenge,,2,55.98,111.96,Canada,Vancouver,Facebook Ad,5
153,10316,2025-03-08 14:10:51.423612,500,Chitenge Maxi Dress,Dress,Mud Cloth,,2,132.48,264.96,USA,New York,Instagram Ad,5
262,10317,2024-06-18 14:10:51.423612,511,Chitenge Headwrap,Accessories,Chitenge,,2,26.28,52.56,UK,Manchester,Instagram Ad,16
288,10318,2024-03-28 14:10:51.423612,502,Mud Cloth Midi Dress,Dress,Ankara,Extra Pockets,1,95.1,95.1,Australia,Sydney,Instagram Ad,18
268,10319,2024-07-04 14:10:51.423612,510,Ankara Two-Piece Suit,Suit,Ankara,,2,395.13,790.26,Zambia,Ndola,Facebook Ad,13
260,10320,2024-08-15 14:10:51.423612,501,Ankara Cocktail Dress,Dress,Mud Cloth,,2,91.5,183.0,Zambia,Kitwe,Pinterest,4
167,10321,2024-11-06 14:10:51.423612,515,Chitenge Button-Up Shirt,Shirt,Ankara,,1,55.72,55.72,Australia,Sydney,Website Search,11
132,10322,2023-12-20 14:10:51.423612,508,Ankara Two-Piece Suit,Suit,Chitenge,,3,191.44,574.3199999999999,Zambia,Kitwe,Instagram Ad,16
241,10323,2025-03-15 14:10:51.423612,514,Chitenge Headwrap,Accessories,Ankara,Embroidered Collar,3,25.37,76.11,Australia,Sydney,Instagram Ad,11
120,10324,2025-02-02 14:10:51.423612,511,Chitenge Button-Up Shirt,Shirt,Chitenge,Embroidered Collar,1,102.45,102.45,Australia,Sydney,Instagram Ad,19
147,10325,2024-12-30 14:10:51.423612,500,Mud Cloth Midi Dress,Dress,Ankara,,3,217.09,651.27,USA,New York,Facebook Ad,2
247,10326,2024-05-27 14:10:51.423612,512,Chitenge Blazer & Trousers,Suit,Ankara,,1,346.57,346.57,South Africa,Johannesburg,Facebook Ad,4
227,10327,2024-06-20 14:10:51.423612,513,Mud Cloth Midi Dress,Dress,Chitenge,Sleeveless,2,108.0,216.0,UK,Manchester,Facebook Ad,13
235,10328,2025-02-27 14:10:51.423612,507,Ankara Cocktail Dress,Dress,Ankara,,2,83.05,166.1,USA,Houston,Instagram Ad,2
234,10329,2024-07-19 14:10:51.423612,507,Mud Cloth Midi Dress,Dress,Ankara,Embroidered Collar,3,107.48,322.44,Zambia,Ndola,Instagram Ad,4
294,10330,2024-03-21 14:10:51.423612,511,Chitenge Maxi Dress,Dress,Chitenge,,2,175.23,350.46,Zambia,Livingstone,Instagram Ad,4
244,10331,2024-05-01 14:10:51.423612,500,Chitenge Button-Up Shirt,Shirt,Chitenge,Sleeveless,3,88.68,266.04,Zambia,Ndola,Instagram Ad,6
227,10332,2024-05-22 14:10:51.423612,510,Mud Cloth Midi Dress,Dress,Chitenge,,3,146.42,439.26,USA,Los Angeles,Website Search,2
132,10333,2025-07-30 14:10:51.423612,507,Chitenge Button-Up Shirt,Shirt,Ankara,,2,81.62,163.24,Zambia,Lusaka,Instagram Ad,5
275,10334,2024-01-17 14:10:51.423612,509,Mud Cloth Midi Dress,Dress,Mud Cloth,Custom Lining,2,154.98,309.96,Zambia,Livingstone,Facebook Ad,5
286,10335,2023-08-10 14:10:51.423612,518,Ankara Cocktail Dress,Dress,Chitenge,,3,178.19,534.5699999999999,Zambia,Ndola,Referral,18
214,10336,2024-08-18 14:10:51.423612,510,Ankara Two-Piece Suit,Suit,Ankara,,2,248.99,497.98,UK,Manchester,Pinterest,15
218,10337,2023-10-22 14:10:51.423612,506,Ankara Handbag,Accessories,Ankara,,1,44.62,44.62,Australia,Sydney,Pinterest,19
121,10338,2024-09-18 14:10:51.423612,510,Chitenge Blazer & Trousers,Suit,Ankara,,2,303.37,606.74,Australia,Sydney,Website Search,2
257,10339,2025-03-01 14:10:51.423612,516,Mud Cloth Midi Dress,Dress,Ankara,,2,108.71,217.42,USA,Houston,Instagram Ad,17
137,10340,2023-12-15 14:10:51.423612,500,Chitenge Blazer & Trousers,Suit,Ankara,,1,158.35,158.35,Canada,Vancouver,Referral,4
208,10341,2025-03-28 14:10:51.423612,507,Mud Cloth Midi Dress,Dress,Chitenge,,2,154.85,309.7,UK,Manchester,Website Search,10
150,10342,2023-09-16 14:10:51.423612,505,Chitenge Blazer & Trousers,Suit,Ankara,,2,370.6,741.2,USA,Houston,Instagram Ad,5
281,10343,2023-11-02 14:10:51.423612,517,Ankara Polished Shirt,Shirt,Chitenge,Sleeveless,3,117.7,353.1,USA,Los Angeles,Facebook Ad,6
107,10344,2024-09-10 14:10:51.423612,505,Ankara Two-Piece Suit,Suit,Ankara,,2,316.98,633.96,Zambia,Livingstone,Pinterest,12
126,10345,2024-05-27 14:10:51.423612,504,Chitenge Blazer & Trousers,Suit,Chitenge,,2,370.48,740.96,Australia,Sydney,Facebook Ad,10
126,10346,2024-05-26 14:10:51.423612,512,Ankara Two-Piece Suit,Suit,Chitenge,,1,153.15,153.15,Zambia,Lusaka,Instagram Ad,4
120,10347,2025-04-12 14:10:51.423612,518,Ankara Two-Piece Suit,Suit,Chitenge,,3,329.84,989.52,Zambia,Livingstone,Instagram Ad,7
129,10348,2025-01-12 14:10:51.423612,507,Ankara Polished Shirt,Shirt,Ankara,,3,101.2,303.6,USA,Los Angeles,Facebook Ad,12
196,10349,2025-06-26 14:10:51.423612,508,Chitenge Maxi Dress,Dress,Chitenge,,3,219.24,657.72,Zambia,Ndola,Instagram Ad,10
127,10350,2025-05-03 14:10:51.423612,516,Ankara Two-Piece Suit,Suit,Chitenge,,2,228.59,457.18,Zambia,Livingstone,Website Search,16
210,10351,2024-09-30 14:10:51.423612,502,Ankara Two-Piece Suit,Suit,Chitenge,,3,264.82,794.46,USA,Houston,Website Search,4
291,10352,2023-08-28 14:10:51.423612,518,Ankara Cocktail Dress,Dress,Ankara,,1,220.8,220.8,Zambia,Kitwe,Instagram Ad,2
296,10353,2025-03-02 14:10:51.423612,510,Ankara Cocktail Dress,Dress,Chitenge,,3,99.2,297.6,UK,London,Pinterest,15
160,10354,2023-12-26 14:10:51.423612,516,Chitenge Maxi Dress,Dress,Chitenge,,1,151.42,151.42,USA,Los Angeles,Facebook Ad,18
147,10355,2025-05-31 14:10:51.423612,518,Mud Cloth Scarf,Accessories,Mud Cloth,,3,30.52,91.56,USA,Los Angeles,Instagram Ad,15
246,10356,2023-12-28 14:10:51.423612,501,Ankara Two-Piece Suit,Suit,Chitenge,,3,294.31,882.9300000000001,USA,New York,Website Search,18
103,10357,2024-03-17 14:10:51.423612,507,Ankara Polished Shirt,Shirt,Chitenge,,1,109.06,109.06,USA,Los Angeles,Website Search,15
134,10358,2024-12-20 14:10:51.423612,518,Chitenge Maxi Dress,Dress,Chitenge,Embroidered Collar,3,194.95,584.8499999999999,USA,New York,Referral,13
291,10359,2025-04-12 14:10:51.423612,506,Mud Cloth Midi Dress,Dress,Mud Cloth,,3,108.41,325.23,USA,Houston,Pinterest,17
148,10360,2023-11-17 14:10:51.423612,516,Ankara Two-Piece Suit,Suit,Chitenge,,3,168.17,504.51,UK,Manchester,Website Search,2
116,10361,2023-09-13 14:10:51.423612,505,Mud Cloth Midi Dress,Dress,Ankara,,2,167.15,334.3,UK,Manchester,Pinterest,14
271,10362,2024-02-19 14:10:51.423612,518,Mud Cloth Midi Dress,Dress,Chitenge,,1,85.64,85.64,Canada,Vancouver,Facebook Ad,7
257,10363,2025-05-12 14:10:51.423612,505,Ankara Cocktail Dress,Dress,Ankara,,3,233.61,700.83,Zambia,Kitwe,Website Search,18
145,10364,2025-03-06 14:10:51.423612,501,Chitenge Maxi Dress,Dress,Mud Cloth,,1,90.05,90.05,Zambia,Kitwe,Email Newsletter,13
216,10365,2024-08-30 14:10:51.423612,505,Chitenge Button-Up Shirt,Shirt,Chitenge,Tailored Fit,1,111.2,111.2,Australia,Sydney,Website Search,7
105,10366,2024-01-31 14:10:51.423612,504,Mud Cloth Midi Dress,Dress,Mud Cloth,,1,146.26,146.26,Zambia,Lusaka,Instagram Ad,8
198,10367,2025-02-09 14:10:51.423612,518,Ankara Cocktail Dress,Dress,Chitenge,Custom Lining,3,172.93,518.79,Zambia,Ndola,Facebook Ad,2
223,10368,2024-10-26 14:10:51.423612,519,Ankara Cocktail Dress,Dress,Mud Cloth,,3,98.82,296.46,USA,Houston,Referral,2
136,10369,2024-12-17 14:10:51.423612,503,Ankara Two-Piece Suit,Suit,Chitenge,,1,334.98,334.98,Zambia,Ndola,Instagram Ad,6
123,10370,2023-08-20 14:10:51.423612,516,Mud Cloth Scarf,Accessories,Ankara,,2,67.21,134.42,Zambia,Ndola,Email Newsletter,7
192,10371,2025-04-19 14:10:51.423612,510,Mud Cloth Midi Dress,Dress,Mud Cloth,,1,208.17,208.17,Australia,Sydney,Instagram Ad,17
145,10372,2025-06-04 14:10:51.423612,503,Ankara Polished Shirt,Shirt,Chitenge,,2,117.4,234.8,USA,Houston,Instagram Ad,17
280,10373,2024-05-20 14:10:51.423612,512,Chitenge Button-Up Shirt,Shirt,Ankara,,1,108.06,108.06,Zambia,Livingstone,Email Newsletter,15
194,10374,2024-11-25 14:10:51.423612,519,Mud Cloth Midi Dress,Dress,Ankara,,1,117.14,117.14,Australia,Sydney,Facebook Ad,2
198,10375,2024-03-23 14:10:51.423612,516,Chitenge Maxi Dress,Dress,Ankara,Extra Pockets,1,87.84,87.84,Australia,Sydney,Instagram Ad,14
287,10376,2024-09-28 14:10:51.423612,508,Chitenge Blazer & Trousers,Suit,Ankara,Embroidered Collar,3,356.13,1068.3899999999999,Zambia,Lusaka,Referral,11
215,10377,2024-01-09 14:10:51.423612,503,Chitenge Maxi Dress,Dress,Mud Cloth,,2,204.14,408.28,Zambia,Ndola,Referral,11
290,10378,2025-02-05 14:10:51.423612,513,Ankara Two-Piece Suit,Suit,Chitenge,,2,369.31,738.62,South Africa,Cape Town,Instagram Ad,10
259,10379,2024-10-19 14:10:51.423612,518,Chitenge Button-Up Shirt,Shirt,Ankara,,1,73.83,73.83,UK,London,Email Newsletter,14
260,10380,2023-11-10 14:10:51.423612,502,Mud Cloth Scarf,Accessories,Mud Cloth,,3,49.22,147.66,USA,Los Angeles,Facebook Ad,4
166,10381,2024-09-19 14:10:51.423612,513,Ankara Polished Shirt,Shirt,Ankara,,3,80.04,240.12,Canada,Vancouver,Referral,19
227,10382,2024-05-20 14:10:51.423612,507,Ankara Cocktail Dress,Dress,Ankara,,2,177.47,354.94,USA,Los Angeles,Facebook Ad,3
117,10383,2024-04-15 14:10:51.423612,500,Chitenge Blazer & Trousers,Suit,Chitenge,,3,205.06,615.1800000000001,Zambia,Livingstone,Referral,18
124,10384,2024-02-17 14:10:51.423612,509,Ankara Two-Piece Suit,Suit,Ankara,,2,281.31,562.62,USA,Los Angeles,Instagram Ad,14
153,10385,2025-03-25 14:10:51.423612,517,Mud Cloth Midi Dress,Dress,Chitenge,Custom Lining,2,91.0,182.0,Zambia,Ndola,Instagram Ad,14
157,10386,2025-01-08 14:10:51.423612,515,Chitenge Headwrap,Accessories,Mud Cloth,,2,43.67,87.34,UK,London,Facebook Ad,2
166,10387,2025-01-03 14:10:51.423612,507,Ankara Cocktail Dress,Dress,Mud Cloth,Extra Pockets,3,103.38,310.14,USA,New York,Pinterest,3
203,10388,2025-05-01 14:10:51.423612,500,Chitenge Maxi Dress,Dress,Ankara,,2,183.21,366.42,Zambia,Livingstone,Instagram Ad,2
273,10389,2023-12-01 14:10:51.423612,511,Chitenge Blazer & Trousers,Suit,Ankara,,2,325.66,651.32,USA,Houston,Referral,6
123,10390,2024-01-11 14:10:51.423612,507,Mud Cloth Midi Dress,Dress,Ankara,,1,213.75,213.75,Zambia,Livingstone,Pinterest,4
213,10391,2024-03-20 14:10:51.423612,515,Ankara Handbag,Accessories,Ankara,,2,46.01,92.02,Zambia,Lusaka,Instagram Ad,8
131,10392,2024-03-08 14:10:51.423612,517,Mud Cloth Scarf,Accessories,Ankara,,2,23.9,47.8,USA,New York,Instagram Ad,14
274,10393,2025-07-01 14:10:51.423612,503,Chitenge Maxi Dress,Dress,Chitenge,,1,160.32,160.32,Zambia,Lusaka,Facebook Ad,19
185,10394,2023-08-20 14:10:51.423612,505,Mud Cloth Midi Dress,Dress,Ankara,,1,245.16,245.16,UK,Manchester,Referral,8
250,10395,2024-01-09 14:10:51.423612,511,Chitenge Maxi Dress,Dress,Mud Cloth,,3,113.34,340.02,Zambia,Ndola,Instagram Ad,2
293,10396,2025-05-14 14:10:51.423612,508,Ankara Two-Piece Suit,Suit,Chitenge,,2,201.75,403.5,USA,Houston,Facebook Ad,6
226,10397,2024-04-22 14:10:51.423612,514,Chitenge Blazer & Trousers,Suit,Ankara,,3,151.92,455.76,South Africa,Johannesburg,Referral,18
254,10398,2024-01-09 14:10:51.423612,515,Mud Cloth Midi Dress,Dress,Chitenge,,3,137.61,412.83000000000004,USA,Houston,Referral,9
229,10399,2023-09-21 14:10:51.423612,511,Chitenge Button-Up Shirt,Shirt,Ankara,,1,85.89,85.89,USA,Los Angeles,Instagram Ad,16
116,10400,2024-06-24 14:10:51.423612,513,Ankara Cocktail Dress,Dress,Chitenge,,3,147.49,442.47,Australia,Sydney,Facebook Ad,5
203,10401,2025-06-20 14:10:51.423612,512,Chitenge Maxi Dress,Dress,Chitenge,,2,99.35,198.7,Zambia,Lusaka,Website Search,3
260,10402,2023-12-13 14:10:51.423612,501,Mud Cloth Midi Dress,Dress,Mud Cloth,Custom Lining,1,228.62,228.62,Zambia,Lusaka,Email Newsletter,6
236,10403,2024-09-19 14:10:51.423612,502,Ankara Two-Piece Suit,Suit,Chitenge,,2,398.2,796.4,Zambia,Ndola,Pinterest,2
142,10404,2023-11-08 14:10:51.423612,509,Ankara Cocktail Dress,Dress,Chitenge,Sleeveless,2,147.08,294.16,Zambia,Kitwe,Referral,6
275,10405,2025-04-23 14:10:51.423612,508,Chitenge Blazer & Trousers,Suit,Chitenge,,1,376.9,376.9,Australia,Sydney,Facebook Ad,7
138,10406,2024-05-23 14:10:51.423612,519,Ankara Polished Shirt,Shirt,Chitenge,,2,71.66,143.32,Zambia,Kitwe,Facebook Ad,3
269,10407,2024-05-14 14:10:51.423612,507,Chitenge Button-Up Shirt,Shirt,Ankara,,1,107.48,107.48,UK,Manchester,Instagram Ad,2
125,10408,2023-10-13 14:10:51.423612,509,Mud Cloth Midi Dress,Dress,Ankara,,2,88.69,177.38,UK,Manchester,Instagram Ad,5
198,10409,2025-05-26 14:10:51.423612,518,Mud Cloth Midi Dress,Dress,Chitenge,,1,182.65,182.65,Zambia,Kitwe,Website Search,8
149,10410,2023-08-16 14:10:51.423612,502,Chitenge Blazer & Trousers,Suit,Chitenge,Sleeveless,3,245.96,737.88,USA,Los Angeles,Instagram Ad,2
252,10411,2024-04-15 14:10:51.423612,504,Chitenge Blazer & Trousers,Suit,Ankara,,2,180.26,360.52,Zambia,Kitwe,Instagram Ad,2
251,10412,2025-02-05 14:10:51.423612,502,Chitenge Blazer & Trousers,Suit,Ankara,,1,167.75,167.75,USA,Houston,Email Newsletter,9
112,10413,2023-12-17 14:10:51.423612,515,Mud Cloth Midi Dress,Dress,Chitenge,,2,240.09,480.18,Zambia,Ndola,Instagram Ad,17
159,10414,2025-07-17 14:10:51.423612,516,Ankara Two-Piece Suit,Suit,Chitenge,Extra Pockets,2,240.48,480.96,Australia,Sydney,Instagram Ad,14
234,10415,2023-08-28 14:10:51.423612,514,Chitenge Blazer & Trousers,Suit,Chitenge,,2,309.02,618.04,Australia,Sydney,Instagram Ad,19
156,10416,2024-07-16 14:10:51.423612,502,Chitenge Headwrap,Accessories,Mud Cloth,,1,68.05,68.05,Zambia,Lusaka,Referral,11
135,10417,2024-06-02 14:10:51.423612,511,Chitenge Button-Up Shirt,Shirt,Chitenge,,3,113.17,339.51,Zambia,Ndola,Referral,13
272,10418,2024-08-02 14:10:51.423612,508,Ankara Cocktail Dress,Dress,Ankara,Sleeveless,3,81.99,245.96999999999997,UK,Manchester,Facebook Ad,2
119,10419,2024-09-04 14:10:51.423612,511,Ankara Two-Piece Suit,Suit,Ankara,Custom Lining,3,271.5,814.5,Zambia,Livingstone,Facebook Ad,11
164,10420,2024-03-10 14:10:51.423612,514,Chitenge Blazer & Trousers,Suit,Ankara,,1,180.75,180.75,Canada,Vancouver,Website Search,10
107,10421,2023-12-24 14:10:51.423612,501,Ankara Two-Piece Suit,Suit,Ankara,Tailored Fit,3,332.29,996.8700000000001,USA,Los Angeles,Pinterest,4
243,10422,2025-04-12 14:10:51.423612,517,Chitenge Blazer & Trousers,Suit,Ankara,Embroidered Collar,1,323.12,323.12,Zambia,Livingstone,Email Newsletter,10
241,10423,2024-03-02 14:10:51.423612,519,Ankara Two-Piece Suit,Suit,Ankara,,2,218.85,437.7,South Africa,Cape Town,Pinterest,11
214,10424,2025-04-19 14:10:51.423612,511,Ankara Cocktail Dress,Dress,Ankara,,2,155.89,311.78,USA,New York,Referral,17
242,10425,2025-04-12 14:10:51.423612,503,Chitenge Button-Up Shirt,Shirt,Chitenge,,3,110.03,330.09000000000003,Australia,Sydney,Instagram Ad,19
191,10426,2025-06-18 14:10:51.423612,515,Mud Cloth Scarf,Accessories,Mud Cloth,Custom Lining,1,37.54,37.54,Australia,Sydney,Instagram Ad,15
197,10427,2024-11-07 14:10:51.423612,515,Chitenge Blazer & Trousers,Suit,Ankara,,2,300.27,600.54,Zambia,Kitwe,Instagram Ad,4
165,10428,2024-07-26 14:10:51.423612,500,Chitenge Button-Up Shirt,Shirt,Ankara,Sleeveless,1,76.22,76.22,Zambia,Ndola,Website Search,3
131,10429,2024-06-24 14:10:51.423612,501,Chitenge Maxi Dress,Dress,Mud Cloth,,1,104.24,104.24,Australia,Sydney,Pinterest,2
290,10430,2023-12-16 14:10:51.423612,502,Chitenge Button-Up Shirt,Shirt,Chitenge,Sleeveless,2,60.81,121.62,Australia,Sydney,Facebook Ad,19
185,10431,2023-12-10 14:10:51.423612,519,Ankara Cocktail Dress,Dress,Mud Cloth,,1,137.9,137.9,Zambia,Livingstone,Instagram Ad,10
150,10432,2023-11-19 14:10:51.423612,516,Ankara Cocktail Dress,Dress,Mud Cloth,,2,132.91,265.82,South Africa,Johannesburg,Facebook Ad,14
252,10433,2025-03-31 14:10:51.423612,519,Ankara Two-Piece Suit,Suit,Chitenge,Embroidered Collar,2,241.15,482.3,USA,Houston,Email Newsletter,3
285,10434,2024-08-17 14:10:51.423612,500,Ankara Cocktail Dress,Dress,Chitenge,Embroidered Collar,2,97.89,195.78,Zambia,Livingstone,Referral,8
162,10435,2023-09-25 14:10:51.423612,519,Ankara Cocktail Dress,Dress,Chitenge,Tailored Fit,1,118.84,118.84,Canada,Toronto,Pinterest,17
289,10436,2023-09-03 14:10:51.423612,505,Mud Cloth Scarf,Accessories,Mud Cloth,,2,27.47,54.94,Zambia,Kitwe,Pinterest,16
224,10437,2024-11-09 14:10:51.423612,514,Ankara Cocktail Dress,Dress,Ankara,,1,237.36,237.36,Australia,Sydney,Email Newsletter,12
249,10438,2024-05-27 14:10:51.423612,513,Ankara Two-Piece Suit,Suit,Chitenge,,2,228.3,456.6,Zambia,Ndola,Website Search,2
157,10439,2024-05-28 14:10:51.423612,519,Chitenge Maxi Dress,Dress,Ankara,,2,102.11,204.22,USA,Los Angeles,Website Search,8
157,10440,2025-07-31 14:10:51.423612,514,Chitenge Button-Up Shirt,Shirt,Ankara,,3,76.24,228.71999999999997,Zambia,Livingstone,Instagram Ad,9
185,10441,2024-09-15 14:10:51.423612,513,Chitenge Blazer & Trousers,Suit,Chitenge,,3,398.71,1196.1299999999999,USA,Houston,Instagram Ad,11
148,10442,2025-04-09 14:10:51.423612,504,Ankara Two-Piece Suit,Suit,Ankara,,3,301.72,905.1600000000001,USA,Houston,Facebook Ad,6
279,10443,2024-09-13 14:10:51.423612,505,Chitenge Maxi Dress,Dress,Chitenge,Custom Lining,1,245.03,245.03,Zambia,Livingstone,Instagram Ad,10
269,10444,2024-07-16 14:10:51.423612,516,Chitenge Button-Up Shirt,Shirt,Chitenge,,1,83.45,83.45,USA,Houston,Email Newsletter,2
169,10445,2025-04-18 14:10:51.423612,510,Ankara Two-Piece Suit,Suit,Chitenge,,2,211.73,423.46,USA,Houston,Instagram Ad,3
114,10446,2024-09-28 14:10:51.423612,515,Chitenge Button-Up Shirt,Shirt,Ankara,,2,107.88,215.76,Zambia,Kitwe,Pinterest,15
153,10447,2024-02-03 14:10:51.423612,511,Ankara Polished Shirt,Shirt,Chitenge,,2,85.52,171.04,South Africa,Johannesburg,Facebook Ad,11
287,10448,2023-08-06 14:10:51.423612,514,Ankara Two-Piece Suit,Suit,Chitenge,,2,357.67,715.34,Zambia,Lusaka,Facebook Ad,10
200,10449,2025-02-22 14:10:51.423612,503,Ankara Two-Piece Suit,Suit,Chitenge,Extra Pockets,1,295.75,295.75,USA,Houston,Email Newsletter,11
107,10450,2024-08-10 14:10:51.423612,517,Chitenge Headwrap,Accessories,Mud Cloth,Tailored Fit,2,64.92,129.84,USA,Los Angeles,Facebook Ad,7
152,10451,2025-05-27 14:10:51.423612,502,Chitenge Maxi Dress,Dress,Chitenge,Extra Pockets,2,204.88,409.76,USA,Los Angeles,Facebook Ad,18
159,10452,2024-10-09 14:10:51.423612,507,Ankara Cocktail Dress,Dress,Chitenge,Custom Lining,3,214.73,644.1899999999999,Zambia,Ndola,Instagram Ad,7
207,10453,2024-06-09 14:10:51.423612,502,Ankara Two-Piece Suit,Suit,Ankara,,2,187.0,374.0,Zambia,Kitwe,Website Search,5
104,10454,2023-12-20 14:10:51.423612,507,Chitenge Button-Up Shirt,Shirt,Ankara,,2,113.49,226.98,USA,Los Angeles,Instagram Ad,4
202,10455,2024-02-23 14:10:51.423612,517,Mud Cloth Midi Dress,Dress,Chitenge,,2,181.85,363.7,UK,London,Referral,19
295,10456,2024-10-14 14:10:51.423612,509,Mud Cloth Midi Dress,Dress,Ankara,,1,102.21,102.21,South Africa,Cape Town,Referral,5
105,10457,2024-06-13 14:10:51.423612,519,Ankara Polished Shirt,Shirt,Chitenge,,3,105.59,316.77,USA,Houston,Website Search,9
208,10458,2023-11-30 14:10:51.423612,516,Ankara Cocktail Dress,Dress,Ankara,,2,240.49,480.98,Zambia,Ndola,Website Search,18
215,10459,2025-06-01 14:10:51.423612,507,Mud Cloth Midi Dress,Dress,Ankara,,2,246.77,493.54,Zambia,Lusaka,Facebook Ad,6
193,10460,2025-03-02 14:10:51.423612,510,Chitenge Blazer & Trousers,Suit,Chitenge,,3,297.18,891.54,Zambia,Livingstone,Facebook Ad,14
146,10461,2024-04-05 14:10:51.423612,504,Ankara Cocktail Dress,Dress,Mud Cloth,,2,114.55,229.1,Zambia,Lusaka,Pinterest,2
198,10462,2025-01-23 14:10:51.423612,512,Chitenge Button-Up Shirt,Shirt,Chitenge,,1,85.79,85.79,Zambia,Ndola,Facebook Ad,14
154,10463,2025-03-29 14:10:51.423612,504,Chitenge Blazer & Trousers,Suit,Ankara,,2,366.39,732.78,Zambia,Lusaka,Facebook Ad,5
267,10464,2023-10-19 14:10:51.423612,512,Ankara Handbag,Accessories,Mud Cloth,,1,53.12,53.12,Zambia,Livingstone,Facebook Ad,15
151,10465,2024-08-25 14:10:51.423612,505,Ankara Two-Piece Suit,Suit,Ankara,,1,269.12,269.12,Zambia,Ndola,Pinterest,4
243,10466,2024-03-02 14:10:51.423612,504,Chitenge Headwrap,Accessories,Chitenge,Sleeveless,2,55.21,110.42,Zambia,Livingstone,Facebook Ad,6
112,10467,2024-11-22 14:10:51.423612,508,Mud Cloth Midi Dress,Dress,Mud Cloth,,3,230.19,690.5699999999999,Zambia,Lusaka,Facebook Ad,8
213,10468,2024-09-26 14:10:51.423612,515,Ankara Two-Piece Suit,Suit,Ankara,,1,306.65,306.65,Zambia,Kitwe,Website Search,2
223,10469,2024-07-17 14:10:51.423612,501,Ankara Handbag,Accessories,Ankara,Sleeveless,3,57.82,173.46,Zambia,Kitwe,Referral,13
205,10470,2025-01-15 14:10:51.423612,500,Ankara Polished Shirt,Shirt,Ankara,,2,59.41,118.82,USA,Houston,Instagram Ad,12
257,10471,2025-05-06 14:10:51.423612,507,Ankara Cocktail Dress,Dress,Chitenge,,1,127.39,127.39,Zambia,Kitwe,Facebook Ad,9
246,10472,2024-01-31 14:10:51.423612,518,Chitenge Maxi Dress,Dress,Ankara,,2,81.51,163.02,Zambia,Livingstone,Website Search,7
244,10473,2024-02-03 14:10:51.423612,510,Ankara Handbag,Accessories,Chitenge,,3,24.94,74.82000000000001,Zambia,Kitwe,Email Newsletter,3
219,10474,2025-05-30 14:10:51.423612,511,Mud Cloth Midi Dress,Dress,Chitenge,Sleeveless,2,138.1,276.2,Zambia,Livingstone,Referral,15
162,10475,2023-08-30 14:10:51.423612,511,Ankara Two-Piece Suit,Suit,Ankara,Sleeveless,2,151.42,302.84,Zambia,Ndola,Facebook Ad,2
118,10476,2024-02-01 14:10:51.423612,506,Chitenge Headwrap,Accessories,Mud Cloth,,1,68.64,68.64,USA,Houston,Instagram Ad,11
191,10477,2025-07-15 14:10:51.423612,512,Chitenge Button-Up Shirt,Shirt,Ankara,,2,77.94,155.88,USA,Houston,Pinterest,17
157,10478,2024-12-18 14:10:51.423612,507,Ankara Polished Shirt,Shirt,Ankara,,2,98.12,196.24,Zambia,Kitwe,Pinterest,5
282,10479,2024-01-13 14:10:51.423612,508,Mud Cloth Midi Dress,Dress,Mud Cloth,,2,173.35,346.7,Zambia,Kitwe,Instagram Ad,12
189,10480,2024-01-29 14:10:51.423612,506,Ankara Two-Piece Suit,Suit,Ankara,,1,324.44,324.44,Canada,Vancouver,Instagram Ad,17
216,10481,2024-05-16 14:10:51.423612,514,Mud Cloth Midi Dress,Dress,Mud Cloth,,3,227.72,683.16,Zambia,Lusaka,Website Search,2
161,10482,2023-10-07 14:10:51.423612,501,Ankara Two-Piece Suit,Suit,Ankara,,3,360.52,1081.56,Zambia,Kitwe,Facebook Ad,17
122,10483,2025-05-28 14:10:51.423612,519,Ankara Cocktail Dress,Dress,Ankara,,2,92.39,184.78,Canada,Toronto,Facebook Ad,10
226,10484,2025-06-01 14:10:51.423612,511,Ankara Two-Piece Suit,Suit,Ankara,,1,208.1,208.1,South Africa,Cape Town,Instagram Ad,10
236,10485,2024-01-08 14:10:51.423612,500,Mud Cloth Midi Dress,Dress,Ankara,,2,105.9,211.8,Zambia,Lusaka,Instagram Ad,10
239,10486,2024-11-16 14:10:51.423612,507,Ankara Cocktail Dress,Dress,Chitenge,,3,179.15,537.45,USA,Los Angeles,Facebook Ad,18
228,10487,2023-09-23 14:10:51.423612,504,Chitenge Button-Up Shirt,Shirt,Chitenge,Sleeveless,1,65.35,65.35,Zambia,Kitwe,Website Search,13
157,10488,2023-10-28 14:10:51.423612,514,Mud Cloth Midi Dress,Dress,Chitenge,,3,150.74,452.22,Zambia,Ndola,Facebook Ad,14
221,10489,2024-07-31 14:10:51.423612,500,Chitenge Button-Up Shirt,Shirt,Chitenge,,3,100.39,301.17,USA,Los Angeles,Facebook Ad,9
100,10490,2025-06-24 14:10:51.423612,500,Ankara Polished Shirt,Shirt,Ankara,Extra Pockets,1,107.5,107.5,Zambia,Kitwe,Instagram Ad,17
133,10491,2023-12-31 14:10:51.423612,509,Chitenge Blazer & Trousers,Suit,Chitenge,,1,281.57,281.57,Zambia,Lusaka,Facebook Ad,19
195,10492,2025-04-26 14:10:51.423612,509,Chitenge Blazer & Trousers,Suit,Chitenge,,2,225.8,451.6,Australia,Sydney,Instagram Ad,2
225,10493,2024-07-12 14:10:51.423612,514,Ankara Cocktail Dress,Dress,Mud Cloth,,2,100.39,200.78,Australia,Sydney,Facebook Ad,2
217,10494,2024-11-23 14:10:51.423612,516,Ankara Handbag,Accessories,Mud Cloth,,3,28.72,86.16,Zambia,Lusaka,Website Search,13
147,10495,2023-10-07 14:10:51.423612,505,Ankara Polished Shirt,Shirt,Ankara,,1,100.52,100.52,USA,Los Angeles,Instagram Ad,7
188,10496,2025-07-06 14:10:51.423612,502,Chitenge Maxi Dress,Dress,Mud Cloth,,1,97.47,97.47,USA,Houston,Instagram Ad,10
216,10497,2024-07-30 14:10:51.423612,512,Chitenge Maxi Dress,Dress,Ankara,,2,201.56,403.12,Canada,Vancouver,Instagram Ad,6
228,10498,2025-02-16 14:10:51.423612,515,Ankara Two-Piece Suit,Suit,Ankara,Tailored Fit,3,295.82,887.46,Zambia,Ndola,Facebook Ad,17
115,10499,2024-06-27 14:10:51.423612,507,Chitenge Blazer & Trousers,Suit,Ankara,,3,385.11,1155.33,Zambia,Livingstone,Pinterest,19
288,10500,2023-12-24 14:10:51.423612,514,Mud Cloth Midi Dress,Dress,Chitenge,,2,141.24,282.48,Zambia,Ndola,Instagram Ad,18
291,10501,2024-03-07 14:10:51.423612,516,Mud Cloth Midi Dress,Dress,Ankara,Tailored Fit,1,133.27,133.27,Zambia,Ndola,Email Newsletter,19
290,10502,2024-10-13 14:10:51.423612,516,Chitenge Button-Up Shirt,Shirt,Chitenge,,2,80.37,160.74,Zambia,Kitwe,Instagram Ad,2
168,10503,2025-07-28 14:10:51.423612,512,Mud Cloth Scarf,Accessories,Chitenge,Tailored Fit,2,26.38,52.76,UK,London,Pinterest,9
121,10504,2024-06-18 14:10:51.423612,516,Chitenge Maxi Dress,Dress,Chitenge,,2,238.13,476.26,USA,New York,Facebook Ad,4
192,10505,2023-09-06 14:10:51.423612,505,Chitenge Button-Up Shirt,Shirt,Ankara,Embroidered Collar,2,59.74,119.48,Zambia,Kitwe,Website Search,6
294,10506,2025-06-05 14:10:51.423612,516,Mud Cloth Midi Dress,Dress,Chitenge,,1,111.08,111.08,USA,Los Angeles,Facebook Ad,9
175,10507,2024-05-16 14:10:51.423612,515,Mud Cloth Midi Dress,Dress,Chitenge,Sleeveless,2,194.94,389.88,Zambia,Ndola,Facebook Ad,19
253,10508,2024-06-05 14:10:51.423612,513,Chitenge Headwrap,Accessories,Chitenge,Extra Pockets,1,46.15,46.15,Canada,Toronto,Pinterest,19
243,10509,2024-10-07 14:10:51.423612,512,Ankara Two-Piece Suit,Suit,Chitenge,,2,176.2,352.4,Australia,Sydney,Website Search,2
278,10510,2024-11-24 14:10:51.423612,505,Ankara Two-Piece Suit,Suit,Chitenge,,3,366.46,1099.3799999999999,Australia,Sydney,Facebook Ad,16
185,10511,2024-05-17 14:10:51.423612,502,Chitenge Blazer & Trousers,Suit,Chitenge,,1,308.61,308.61,Canada,Toronto,Instagram Ad,19
284,10512,2023-12-27 14:10:51.423612,513,Chitenge Button-Up Shirt,Shirt,Ankara,,3,110.13,330.39,Zambia,Ndola,Instagram Ad,8
128,10513,2024-10-02 14:10:51.423612,513,Chitenge Maxi Dress,Dress,Chitenge,,2,150.69,301.38,Zambia,Lusaka,Pinterest,17
168,10514,2023-08-24 14:10:51.423612,514,Chitenge Button-Up Shirt,Shirt,Chitenge,,2,110.88,221.76,USA,New York,Facebook Ad,17
146,10515,2023-08-23 14:10:51.423612,507,Ankara Polished Shirt,Shirt,Chitenge,,2,105.74,211.48,Australia,Sydney,Facebook Ad,16
193,10516,2025-03-17 14:10:51.423612,514,Chitenge Button-Up Shirt,Shirt,Ankara,,1,77.63,77.63,Zambia,Ndola,Website Search,7
289,10517,2024-08-10 14:10:51.423612,512,Ankara Handbag,Accessories,Mud Cloth,,3,37.36,112.08,Zambia,Ndola,Pinterest,10
296,10518,2024-01-27 14:10:51.423612,516,Ankara Two-Piece Suit,Suit,Chitenge,,1,328.3,328.3,South Africa,Cape Town,Referral,8
243,10519,2024-02-15 14:10:51.423612,502,Chitenge Maxi Dress,Dress,Mud Cloth,,1,142.52,142.52,Zambia,Kitwe,Website Search,15
275,10520,2024-12-19 14:10:51.423612,505,Ankara Cocktail Dress,Dress,Ankara,,2,167.7,335.4,Zambia,Livingstone,Website Search,12
184,10521,2023-11-26 14:10:51.423612,504,Chitenge Maxi Dress,Dress,Ankara,,3,82.5,247.5,USA,New York,Facebook Ad,17
138,10522,2023-11-27 14:10:51.423612,516,Ankara Cocktail Dress,Dress,Ankara,,2,200.6,401.2,Zambia,Ndola,Instagram Ad,7
199,10523,2024-03-14 14:10:51.423612,501,Mud Cloth Scarf,Accessories,Chitenge,,1,60.49,60.49,Zambia,Livingstone,Pinterest,17
132,10524,2025-06-13 14:10:51.423612,514,Ankara Cocktail Dress,Dress,Chitenge,,2,158.9,317.8,UK,London,Facebook Ad,17
200,10525,2025-05-10 14:10:51.423612,504,Ankara Handbag,Accessories,Ankara,,3,61.93,185.79,USA,Houston,Email Newsletter,13
122,10526,2024-04-25 14:10:51.423612,519,Chitenge Blazer & Trousers,Suit,Ankara,Embroidered Collar,2,204.95,409.9,Australia,Sydney,Instagram Ad,18
109,10527,2023-09-29 14:10:51.423612,505,Mud Cloth Midi Dress,Dress,Ankara,,3,82.88,248.64,Zambia,Ndola,Instagram Ad,6
168,10528,2025-05-09 14:10:51.423612,505,Ankara Polished Shirt,Shirt,Chitenge,,3,58.41,175.23,Zambia,Livingstone,Email Newsletter,14
199,10529,2024-11-05 14:10:51.423612,517,Chitenge Maxi Dress,Dress,Chitenge,,2,211.43,422.86,UK,London,Referral,9
133,10530,2024-01-14 14:10:51.423612,517,Chitenge Blazer & Trousers,Suit,Ankara,Sleeveless,1,242.93,242.93,USA,New York,Facebook Ad,6
279,10531,2024-08-19 14:10:51.423612,503,Mud Cloth Midi Dress,Dress,Chitenge,Extra Pockets,2,189.9,379.8,Zambia,Kitwe,Website Search,13
237,10532,2023-10-31 14:10:51.423612,516,Mud Cloth Scarf,Accessories,Mud Cloth,,1,21.3,21.3,UK,Manchester,Website Search,10
246,10533,2023-09-29 14:10:51.423612,513,Chitenge Button-Up Shirt,Shirt,Chitenge,,1,104.63,104.63,Zambia,Kitwe,Facebook Ad,4
285,10534,2024-11-23 14:10:51.423612,513,Chitenge Blazer & Trousers,Suit,Ankara,Tailored Fit,2,225.73,451.46,Zambia,Lusaka,Instagram Ad,4
195,10535,2024-01-30 14:10:51.423612,512,Chitenge Maxi Dress,Dress,Chitenge,,1,121.92,121.92,Zambia,Kitwe,Pinterest,2
100,10536,2024-08-30 14:10:51.423612,506,Ankara Two-Piece Suit,Suit,Chitenge,,1,268.45,268.45,Zambia,Livingstone,Pinterest,19
168,10537,2024-07-19 14:10:51.423612,511,Ankara Cocktail Dress,Dress,Chitenge,,2,120.66,241.32,Zambia,Lusaka,Instagram Ad,13
103,10538,2023-08-13 14:10:51.423612,514,Chitenge Blazer & Trousers,Suit,Chitenge,,2,311.15,622.3,USA,Los Angeles,Pinterest,10
115,10539,2024-06-13 14:10:51.423612,518,Chitenge Blazer & Trousers,Suit,Ankara,Extra Pockets,2,201.25,402.5,UK,Manchester,Pinterest,10
123,10540,2024-10-21 14:10:51.423612,510,Chitenge Button-Up Shirt,Shirt,Ankara,Custom Lining,1,112.73,112.73,Australia,Sydney,Facebook Ad,19
179,10541,2024-06-28 14:10:51.423612,514,Chitenge Button-Up Shirt,Shirt,Chitenge,Sleeveless,3,69.34,208.02,Zambia,Livingstone,Website Search,19
101,10542,2023-09-28 14:10:51.423612,511,Mud Cloth Scarf,Accessories,Mud Cloth,,1,57.08,57.08,Zambia,Lusaka,Facebook Ad,8
227,10543,2024-03-31 14:10:51.423612,502,Chitenge Maxi Dress,Dress,Mud Cloth,Tailored Fit,3,235.97,707.91,Zambia,Lusaka,Instagram Ad,5
259,10544,2024-03-21 14:10:51.423612,516,Chitenge Maxi Dress,Dress,Mud Cloth,,2,90.31,180.62,Zambia,Ndola,Website Search,14
183,10545,2025-03-06 14:10:51.423612,502,Chitenge Blazer & Trousers,Suit,Ankara,,3,382.65,1147.9499999999998,USA,New York,Pinterest,18
251,10546,2023-09-25 14:10:51.423612,518,Ankara Two-Piece Suit,Suit,Ankara,Tailored Fit,2,161.14,322.28,UK,Manchester,Website Search,3
239,10547,2025-04-05 14:10:51.423612,519,Chitenge Blazer & Trousers,Suit,Ankara,,2,340.27,680.54,UK,Manchester,Facebook Ad,15
277,10548,2025-03-31 14:10:51.423612,503,Ankara Cocktail Dress,Dress,Chitenge,,3,243.59,730.77,Zambia,Lusaka,Instagram Ad,4
262,10549,2024-04-25 14:10:51.423612,502,Chitenge Blazer & Trousers,Suit,Chitenge,,2,340.21,680.42,Zambia,Livingstone,Instagram Ad,6
223,10550,2024-09-26 14:10:51.423612,515,Chitenge Blazer & Trousers,Suit,Ankara,Tailored Fit,3,264.65,793.9499999999999,USA,Houston,Facebook Ad,15
132,10551,2023-11-09 14:10:51.423612,511,Chitenge Blazer & Trousers,Suit,Ankara,,2,270.33,540.66,Zambia,Kitwe,Instagram Ad,4
260,10552,2023-11-01 14:10:51.423612,507,Ankara Polished Shirt,Shirt,Chitenge,,1,59.59,59.59,USA,Los Angeles,Referral,8
288,10553,2023-10-22 14:10:51.423612,516,Ankara Handbag,Accessories,Mud Cloth,,1,41.55,41.55,Australia,Sydney,Facebook Ad,19
278,10554,2024-05-19 14:10:51.423612,506,Ankara Two-Piece Suit,Suit,Chitenge,Sleeveless,2,309.13,618.26,Zambia,Kitwe,Website Search,14
270,10555,2023-12-03 14:10:51.423612,510,Chitenge Blazer & Trousers,Suit,Chitenge,Sleeveless,2,388.26,776.52,UK,London,Facebook Ad,11
200,10556,2024-12-08 14:10:51.423612,517,Chitenge Blazer & Trousers,Suit,Ankara,,3,264.74,794.22,USA,New York,Referral,14
111,10557,2024-10-30 14:10:51.423612,500,Mud Cloth Scarf,Accessories,Mud Cloth,,1,31.77,31.77,Zambia,Ndola,Facebook Ad,17
166,10558,2024-12-17 14:10:51.423612,502,Ankara Cocktail Dress,Dress,Mud Cloth,,3,204.46,613.38,USA,Los Angeles,Instagram Ad,10
164,10559,2024-01-17 14:10:51.423612,503,Chitenge Maxi Dress,Dress,Mud Cloth,Custom Lining,2,147.19,294.38,Zambia,Lusaka,Instagram Ad,3
260,10560,2024-02-03 14:10:51.423612,512,Ankara Handbag,Accessories,Mud Cloth,,2,41.6,83.2,Zambia,Kitwe,Instagram Ad,6
267,10561,2024-11-16 14:10:51.423612,505,Ankara Polished Shirt,Shirt,Ankara,Extra Pockets,3,71.7,215.10000000000002,USA,Los Angeles,Pinterest,18
173,10562,2023-08-12 14:10:51.423612,513,Mud Cloth Midi Dress,Dress,Mud Cloth,,2,212.83,425.66,Canada,Toronto,Instagram Ad,5
142,10563,2024-06-30 14:10:51.423612,504,Ankara Handbag,Accessories,Ankara,Sleeveless,1,67.04,67.04,Zambia,Ndola,Website Search,18
143,10564,2025-06-08 14:10:51.423612,515,Ankara Two-Piece Suit,Suit,Chitenge,Sleeveless,3,346.11,1038.33,Zambia,Livingstone,Email Newsletter,10
128,10565,2024-01-03 14:10:51.423612,514,Ankara Cocktail Dress,Dress,Mud Cloth,,1,187.84,187.84,Canada,Vancouver,Website Search,3
240,10566,2023-10-29 14:10:51.423612,514,Ankara Cocktail Dress,Dress,Mud Cloth,Custom Lining,1,203.91,203.91,South Africa,Cape Town,Instagram Ad,19
111,10567,2023-12-30 14:10:51.423612,503,Chitenge Maxi Dress,Dress,Mud Cloth,,1,84.96,84.96,UK,Manchester,Email Newsletter,12
194,10568,2025-04-20 14:10:51.423612,507,Ankara Two-Piece Suit,Suit,Ankara,,3,179.63,538.89,Zambia,Kitwe,Instagram Ad,14
145,10569,2024-08-20 14:10:51.423612,515,Mud Cloth Midi Dress,Dress,Mud Cloth,,2,242.32,484.64,Australia,Sydney,Facebook Ad,9
229,10570,2025-02-03 14:10:51.423612,515,Ankara Two-Piece Suit,Suit,Ankara,Sleeveless,1,270.39,270.39,Zambia,Livingstone,Pinterest,2
134,10571,2024-05-16 14:10:51.423612,503,Chitenge Blazer & Trousers,Suit,Ankara,,1,158.15,158.15,USA,Houston,Referral,18
180,10572,2025-07-05 14:10:51.423612,512,Mud Cloth Midi Dress,Dress,Mud Cloth,,1,126.84,126.84,Zambia,Kitwe,Facebook Ad,13
189,10573,2023-10-26 14:10:51.423612,512,Ankara Two-Piece Suit,Suit,Chitenge,,2,246.58,493.16,USA,Houston,Instagram Ad,5
107,10574,2024-12-31 14:10:51.423612,501,Chitenge Blazer & Trousers,Suit,Chitenge,,2,361.82,723.64,Zambia,Lusaka,Facebook Ad,14
192,10575,2025-07-14 14:10:51.423612,502,Ankara Handbag,Accessories,Chitenge,,3,73.59,220.77,Zambia,Ndola,Facebook Ad,10
253,10576,2025-01-09 14:10:51.423612,507,Mud Cloth Midi Dress,Dress,Mud Cloth,,2,207.8,415.6,Zambia,Ndola,Facebook Ad,8
189,10577,2024-08-25 14:10:51.423612,514,Chitenge Maxi Dress,Dress,Chitenge,Sleeveless,3,105.19,315.57,Zambia,Livingstone,Email Newsletter,6
261,10578,2025-07-12 14:10:51.423612,510,Ankara Two-Piece Suit,Suit,Ankara,,3,257.85,773.5500000000001,USA,Los Angeles,Email Newsletter,6
214,10579,2024-11-18 14:10:51.423612,508,Ankara Polished Shirt,Shirt,Chitenge,,3,79.93,239.79000000000002,Canada,Toronto,Pinterest,18
204,10580,2023-12-02 14:10:51.423612,506,Mud Cloth Midi Dress,Dress,Mud Cloth,,3,104.45,313.35,Australia,Sydney,Facebook Ad,10
234,10581,2024-09-04 14:10:51.423612,512,Ankara Two-Piece Suit,Suit,Ankara,,3,361.46,1084.3799999999999,Zambia,Kitwe,Website Search,7
295,10582,2025-01-18 14:10:51.423612,501,Chitenge Blazer & Trousers,Suit,Chitenge,Sleeveless,1,355.79,355.79,UK,Manchester,Email Newsletter,17
157,10583,2024-04-22 14:10:51.423612,507,Ankara Polished Shirt,Shirt,Ankara,Extra Pockets,2,64.31,128.62,USA,Los Angeles,Pinterest,3
213,10584,2024-04-17 14:10:51.423612,506,Mud Cloth Midi Dress,Dress,Mud Cloth,,1,85.58,85.58,Zambia,Livingstone,Facebook Ad,11
174,10585,2024-03-18 14:10:51.423612,511,Ankara Two-Piece Suit,Suit,Chitenge,Sleeveless,3,223.81,671.4300000000001,Zambia,Kitwe,Instagram Ad,17
256,10586,2023-09-27 14:10:51.423612,518,Chitenge Button-Up Shirt,Shirt,Chitenge,Tailored Fit,2,56.65,113.3,USA,Houston,Instagram Ad,6
219,10587,2024-12-17 14:10:51.423612,506,Chitenge Button-Up Shirt,Shirt,Chitenge,Embroidered Collar,1,100.87,100.87,Australia,Sydney,Referral,16
263,10588,2024-12-23 14:10:51.423612,509,Ankara Polished Shirt,Shirt,Ankara,,1,107.74,107.74,USA,New York,Referral,14
120,10589,2024-08-03 14:10:51.423612,515,Ankara Two-Piece Suit,Suit,Ankara,Custom Lining,3,161.35,484.04999999999995,Zambia,Lusaka,Pinterest,14
263,10590,2024-05-11 14:10:51.423612,502,Chitenge Maxi Dress,Dress,Chitenge,,1,146.61,146.61,USA,Houston,Instagram Ad,14
237,10591,2025-03-20 14:10:51.423612,509,Ankara Two-Piece Suit,Suit,Ankara,,1,297.61,297.61,Zambia,Ndola,Instagram Ad,16
200,10592,2025-07-19 14:10:51.423612,505,Ankara Cocktail Dress,Dress,Chitenge,,1,202.93,202.93,UK,Manchester,Facebook Ad,15
251,10593,2024-01-10 14:10:51.423612,517,Mud Cloth Midi Dress,Dress,Ankara,,1,81.72,81.72,UK,Manchester,Facebook Ad,9
291,10594,2025-04-28 14:10:51.423612,517,Chitenge Blazer & Trousers,Suit,Ankara,,1,162.98,162.98,Zambia,Livingstone,Instagram Ad,12
276,10595,2023-10-03 14:10:51.423612,504,Ankara Cocktail Dress,Dress,Mud Cloth,,3,192.72,578.16,Canada,Toronto,Website Search,19
198,10596,2025-08-01 14:10:51.423612,506,Chitenge Button-Up Shirt,Shirt,Chitenge,,3,79.58,238.74,Zambia,Lusaka,Facebook Ad,5
135,10597,2023-12-11 14:10:51.423612,501,Ankara Cocktail Dress,Dress,Chitenge,Embroidered Collar,1,201.15,201.15,Australia,Sydney,Website Search,11
195,10598,2025-07-26 14:10:51.423612,510,Ankara Polished Shirt,Shirt,Chitenge,Tailored Fit,3,75.97,227.91,Zambia,Lusaka,Facebook Ad,2
251,10599,2023-11-28 14:10:51.423612,512,Ankara Handbag,Accessories,Mud Cloth,,3,32.13,96.39000000000001,Zambia,Livingstone,Facebook Ad,6
250,10600,2024-03-01 14:10:51.423612,504,Ankara Polished Shirt,Shirt,Chitenge,Tailored Fit,2,60.47,120.94,Zambia,Lusaka,Facebook Ad,14
289,10601,2025-01-12 14:10:51.423612,505,Mud Cloth Midi Dress,Dress,Mud Cloth,Tailored Fit,1,208.15,208.15,Zambia,Lusaka,Pinterest,2
136,10602,2025-01-07 14:10:51.423612,513,Ankara Cocktail Dress,Dress,Mud Cloth,Sleeveless,3,167.99,503.97,Zambia,Lusaka,Instagram Ad,9
111,10603,2025-02-07 14:10:51.423612,511,Ankara Cocktail Dress,Dress,Ankara,,3,125.11,375.33,USA,New York,Pinterest,4
212,10604,2024-03-29 14:10:51.423612,503,Chitenge Blazer & Trousers,Suit,Ankara,,1,328.61,328.61,USA,Los Angeles,Facebook Ad,4
282,10605,2024-05-12 14:10:51.423612,505,Ankara Polished Shirt,Shirt,Chitenge,Extra Pockets,2,85.97,171.94,UK,London,Pinterest,8
112,10606,2024-07-29 14:10:51.423612,509,Chitenge Blazer & Trousers,Suit,Ankara,,1,383.23,383.23,Zambia,Lusaka,Pinterest,5
122,10607,2024-02-22 14:10:51.423612,517,Ankara Polished Shirt,Shirt,Chitenge,,2,100.0,200.0,USA,Los Angeles,Facebook Ad,4
198,10608,2024-05-09 14:10:51.423612,514,Ankara Two-Piece Suit,Suit,Ankara,,1,323.65,323.65,Zambia,Ndola,Website Search,16
204,10609,2024-03-27 14:10:51.423612,507,Ankara Polished Shirt,Shirt,Chitenge,,1,69.19,69.19,UK,Manchester,Instagram Ad,9
129,10610,2024-12-11 14:10:51.423612,508,Chitenge Button-Up Shirt,Shirt,Chitenge,,1,74.17,74.17,Zambia,Kitwe,Pinterest,4
116,10611,2023-08-09 14:10:51.423612,504,Chitenge Maxi Dress,Dress,Mud Cloth,,1,100.21,100.21,Australia,Sydney,Facebook Ad,8
212,10612,2025-06-01 14:10:51.423612,509,Ankara Polished Shirt,Shirt,Chitenge,,2,80.47,160.94,UK,London,Facebook Ad,19
161,10613,2024-10-20 14:10:51.423612,519,Ankara Two-Piece Suit,Suit,Ankara,Embroidered Collar,2,270.63,541.26,USA,New York,Website Search,12
183,10614,2023-09-03 14:10:51.423612,505,Chitenge Blazer & Trousers,Suit,Chitenge,Tailored Fit,3,376.64,1129.92,Zambia,Lusaka,Pinterest,12
211,10615,2023-11-22 14:10:51.423612,515,Mud Cloth Midi Dress,Dress,Mud Cloth,,1,81.94,81.94,Zambia,Livingstone,Instagram Ad,18
185,10616,2025-04-06 14:10:51.423612,502,Ankara Polished Shirt,Shirt,Ankara,Custom Lining,2,80.64,161.28,Zambia,Lusaka,Website Search,7
240,10617,2025-08-01 14:10:51.423612,509,Mud Cloth Midi Dress,Dress,Chitenge,,2,218.91,437.82,Canada,Toronto,Facebook Ad,9
286,10618,2023-10-19 14:10:51.423612,510,Ankara Two-Piece Suit,Suit,Chitenge,,2,162.92,325.84,Australia,Sydney,Facebook Ad,2
118,10619,2023-12-29 14:10:51.423612,510,Ankara Two-Piece Suit,Suit,Chitenge,Sleeveless,1,365.66,365.66,Zambia,Ndola,Website Search,11
276,10620,2023-12-11 14:10:51.423612,516,Ankara Cocktail Dress,Dress,Mud Cloth,Embroidered Collar,3,241.92,725.76,USA,Los Angeles,Facebook Ad,4
199,10621,2023-09-16 14:10:51.423612,503,Mud Cloth Midi Dress,Dress,Ankara,Extra Pockets,2,217.49,434.98,UK,London,Facebook Ad,5
239,10622,2024-07-26 14:10:51.423612,503,Chitenge Blazer & Trousers,Suit,Ankara,,1,229.14,229.14,USA,New York,Pinterest,12
288,10623,2023-09-15 14:10:51.423612,516,Chitenge Button-Up Shirt,Shirt,Chitenge,Tailored Fit,2,54.96,109.92,Zambia,Lusaka,Instagram Ad,16
246,10624,2023-09-08 14:10:51.423612,508,Mud Cloth Midi Dress,Dress,Mud Cloth,,2,224.62,449.24,Zambia,Kitwe,Website Search,2
175,10625,2023-08-22 14:10:51.423612,518,Mud Cloth Scarf,Accessories,Ankara,Sleeveless,3,33.61,100.83,Zambia,Kitwe,Instagram Ad,10
108,10626,2025-06-12 14:10:51.423612,504,Chitenge Maxi Dress,Dress,Chitenge,Sleeveless,2,83.37,166.74,South Africa,Cape Town,Instagram Ad,12
298,10627,2024-01-05 14:10:51.423612,505,Chitenge Maxi Dress,Dress,Mud Cloth,,2,149.98,299.96,USA,Los Angeles,Instagram Ad,14
127,10628,2024-08-17 14:10:51.423612,502,Chitenge Headwrap,Accessories,Chitenge,,1,68.29,68.29,USA,New York,Referral,17
227,10629,2025-03-15 14:10:51.423612,500,Chitenge Blazer & Trousers,Suit,Ankara,Tailored Fit,1,238.96,238.96,Australia,Sydney,Website Search,5
151,10630,2025-03-26 14:10:51.423612,519,Chitenge Maxi Dress,Dress,Mud Cloth,,3,195.18,585.54,USA,New York,Instagram Ad,2
182,10631,2025-04-25 14:10:51.423612,515,Ankara Cocktail Dress,Dress,Mud Cloth,,1,144.84,144.84,Canada,Toronto,Instagram Ad,14
210,10632,2024-07-12 14:10:51.423612,510,Ankara Handbag,Accessories,Mud Cloth,Sleeveless,1,54.78,54.78,USA,New York,Email Newsletter,2
243,10633,2023-09-01 14:10:51.423612,512,Mud Cloth Midi Dress,Dress,Ankara,,3,182.19,546.5699999999999,Zambia,Kitwe,Instagram Ad,6
216,10634,2024-05-18 14:10:51.423612,509,Ankara Handbag,Accessories,Mud Cloth,Embroidered Collar,2,43.76,87.52,Australia,Sydney,Pinterest,6
168,10635,2025-05-12 14:10:51.423612,502,Ankara Handbag,Accessories,Ankara,,3,48.53,145.59,USA,Los Angeles,Instagram Ad,15
198,10636,2024-01-20 14:10:51.423612,508,Ankara Cocktail Dress,Dress,Ankara,,1,99.26,99.26,Zambia,Ndola,Website Search,15
239,10637,2025-04-06 14:10:51.423612,511,Ankara Two-Piece Suit,Suit,Chitenge,Embroidered Collar,3,326.14,978.42,Zambia,Livingstone,Facebook Ad,9
124,10638,2024-04-29 14:10:51.423612,513,Ankara Two-Piece Suit,Suit,Ankara,,2,249.4,498.8,Zambia,Kitwe,Pinterest,5
279,10639,2024-11-02 14:10:51.423612,500,Ankara Cocktail Dress,Dress,Ankara,,3,162.12,486.36,USA,New York,Website Search,8
222,10640,2025-06-20 14:10:51.423612,517,Ankara Cocktail Dress,Dress,Ankara,Sleeveless,1,244.65,244.65,Canada,Vancouver,Facebook Ad,16
152,10641,2024-09-09 14:10:51.423612,516,Ankara Two-Piece Suit,Suit,Ankara,,1,168.9,168.9,Australia,Sydney,Instagram Ad,5
250,10642,2024-11-23 14:10:51.423612,508,Mud Cloth Scarf,Accessories,Chitenge,,3,25.06,75.17999999999999,Australia,Sydney,Website Search,10
243,10643,2025-07-07 14:10:51.423612,508,Chitenge Blazer & Trousers,Suit,Ankara,,2,312.13,624.26,Zambia,Ndola,Referral,14
156,10644,2025-04-30 14:10:51.423612,509,Ankara Cocktail Dress,Dress,Ankara,Embroidered Collar,3,244.05,732.1500000000001,Zambia,Kitwe,Instagram Ad,15
138,10645,2025-02-13 14:10:51.423612,518,Ankara Cocktail Dress,Dress,Chitenge,Embroidered Collar,2,200.13,400.26,Zambia,Livingstone,Instagram Ad,15
208,10646,2025-03-03 14:10:51.423612,514,Ankara Two-Piece Suit,Suit,Ankara,Sleeveless,2,217.77,435.54,Canada,Vancouver,Pinterest,11
280,10647,2023-12-13 14:10:51.423612,504,Ankara Two-Piece Suit,Suit,Chitenge,,3,386.68,1160.04,Zambia,Lusaka,Instagram Ad,17
141,10648,2024-08-02 14:10:51.423612,514,Ankara Cocktail Dress,Dress,Chitenge,Embroidered Collar,2,240.61,481.22,USA,Los Angeles,Referral,6
285,10649,2025-07-10 14:10:51.423612,519,Ankara Polished Shirt,Shirt,Chitenge,,1,64.18,64.18,UK,Manchester,Facebook Ad,7
266,10650,2025-06-28 14:10:51.423612,501,Chitenge Blazer & Trousers,Suit,Chitenge,,3,320.03,960.0899999999999,Zambia,Lusaka,Pinterest,3
241,10651,2024-05-23 14:10:51.423612,512,Ankara Two-Piece Suit,Suit,Ankara,,2,295.73,591.46,Zambia,Ndola,Email Newsletter,14
221,10652,2024-08-10 14:10:51.423612,515,Mud Cloth Midi Dress,Dress,Chitenge,Tailored Fit,1,117.48,117.48,Australia,Sydney,Email Newsletter,14
232,10653,2023-09-03 14:10:51.423612,514,Ankara Polished Shirt,Shirt,Ankara,Sleeveless,3,101.76,305.28000000000003,Australia,Sydney,Instagram Ad,19
262,10654,2024-01-01 14:10:51.423612,509,Ankara Cocktail Dress,Dress,Chitenge,,1,164.67,164.67,Zambia,Livingstone,Pinterest,2
174,10655,2024-05-27 14:10:51.423612,513,Ankara Polished Shirt,Shirt,Chitenge,,1,112.3,112.3,USA,Houston,Instagram Ad,9
245,10656,2023-08-16 14:10:51.423612,509,Chitenge Maxi Dress,Dress,Mud Cloth,Tailored Fit,1,123.98,123.98,Australia,Sydney,Referral,17
175,10657,2024-12-29 14:10:51.423612,513,Ankara Two-Piece Suit,Suit,Ankara,,2,152.26,304.52,Zambia,Lusaka,Facebook Ad,3
108,10658,2025-06-11 14:10:51.423612,508,Ankara Two-Piece Suit,Suit,Ankara,Custom Lining,3,309.42,928.26,Zambia,Livingstone,Instagram Ad,9
173,10659,2023-11-26 14:10:51.423612,513,Chitenge Maxi Dress,Dress,Mud Cloth,,3,113.88,341.64,Zambia,Kitwe,Email Newsletter,7
285,10660,2024-02-08 14:10:51.423612,502,Ankara Polished Shirt,Shirt,Ankara,,2,50.96,101.92,USA,Los Angeles,Instagram Ad,17
244,10661,2024-03-19 14:10:51.423612,519,Chitenge Maxi Dress,Dress,Ankara,,3,126.04,378.12,Zambia,Kitwe,Website Search,12
106,10662,2024-06-10 14:10:51.423612,515,Mud Cloth Midi Dress,Dress,Chitenge,,1,152.21,152.21,Zambia,Kitwe,Website Search,18
273,10663,2023-11-11 14:10:51.423612,501,Chitenge Maxi Dress,Dress,Mud Cloth,Extra Pockets,3,181.12,543.36,Zambia,Livingstone,Website Search,12
240,10664,2023-09-29 14:10:51.423612,509,Mud Cloth Midi Dress,Dress,Ankara,,2,230.44,460.88,USA,Houston,Instagram Ad,9
267,10665,2025-04-19 14:10:51.423612,502,Mud Cloth Midi Dress,Dress,Mud Cloth,Sleeveless,1,172.52,172.52,Australia,Sydney,Facebook Ad,5
269,10666,2025-05-30 14:10:51.423612,510,Ankara Cocktail Dress,Dress,Ankara,,2,206.29,412.58,South Africa,Cape Town,Pinterest,12
236,10667,2024-09-14 14:10:51.423612,510,Ankara Polished Shirt,Shirt,Ankara,,1,54.79,54.79,South Africa,Johannesburg,Facebook Ad,9
277,10668,2023-10-13 14:10:51.423612,512,Chitenge Maxi Dress,Dress,Chitenge,,1,179.36,179.36,USA,Houston,Facebook Ad,10
126,10669,2024-06-12 14:10:51.423612,506,Ankara Two-Piece Suit,Suit,Chitenge,,3,242.11,726.33,Zambia,Livingstone,Instagram Ad,3
221,10670,2024-05-20 14:10:51.423612,516,Chitenge Button-Up Shirt,Shirt,Ankara,Custom Lining,1,105.12,105.12,Zambia,Lusaka,Facebook Ad,17
293,10671,2025-02-03 14:10:51.423612,501,Ankara Two-Piece Suit,Suit,Chitenge,,2,212.1,424.2,Australia,Sydney,Pinterest,7
104,10672,2023-12-31 14:10:51.423612,511,Ankara Polished Shirt,Shirt,Ankara,,3,80.98,242.94,Zambia,Ndola,Facebook Ad,9
128,10673,2024-11-14 14:10:51.423612,509,Ankara Two-Piece Suit,Suit,Ankara,,2,166.0,332.0,Zambia,Lusaka,Referral,15
264,10674,2024-04-05 14:10:51.423612,517,Ankara Polished Shirt,Shirt,Ankara,,1,81.07,81.07,UK,Manchester,Facebook Ad,17
265,10675,2024-12-08 14:10:51.423612,510,Ankara Cocktail Dress,Dress,Mud Cloth,,2,89.55,179.1,Zambia,Kitwe,Facebook Ad,13
182,10676,2024-12-24 14:10:51.423612,515,Chitenge Blazer & Trousers,Suit,Chitenge,Tailored Fit,2,176.35,352.7,Zambia,Kitwe,Instagram Ad,6
235,10677,2024-08-04 14:10:51.423612,516,Ankara Polished Shirt,Shirt,Ankara,,1,95.86,95.86,Australia,Sydney,Instagram Ad,19
208,10678,2024-11-29 14:10:51.423612,518,Ankara Cocktail Dress,Dress,Chitenge,,3,107.28,321.84000000000003,Canada,Vancouver,Facebook Ad,10
164,10679,2024-02-22 14:10:51.423612,517,Ankara Cocktail Dress,Dress,Chitenge,,2,206.95,413.9,Zambia,Kitwe,Referral,3
185,10680,2024-01-06 14:10:51.423612,502,Chitenge Button-Up Shirt,Shirt,Ankara,Custom Lining,1,81.23,81.23,Australia,Sydney,Facebook Ad,13
244,10681,2024-10-28 14:10:51.423612,515,Chitenge Button-Up Shirt,Shirt,Ankara,,3,114.72,344.15999999999997,USA,Houston,Facebook Ad,3
170,10682,2024-12-18 14:10:51.423612,505,Chitenge Blazer & Trousers,Suit,Ankara,,3,213.72,641.16,UK,London,Facebook Ad,11
144,10683,2023-10-17 14:10:51.423612,511,Ankara Polished Shirt,Shirt,Ankara,,3,111.08,333.24,Zambia,Kitwe,Instagram Ad,2
231,10684,2025-07-18 14:10:51.423612,510,Ankara Polished Shirt,Shirt,Ankara,,2,106.65,213.3,Zambia,Ndola,Email Newsletter,5
135,10685,2024-05-27 14:10:51.423612,514,Ankara Polished Shirt,Shirt,Ankara,,2,76.15,152.3,USA,Los Angeles,Facebook Ad,13
169,10686,2023-08-22 14:10:51.423612,514,Chitenge Maxi Dress,Dress,Chitenge,,2,97.44,194.88,Canada,Vancouver,Instagram Ad,10
258,10687,2025-05-07 14:10:51.423612,515,Mud Cloth Midi Dress,Dress,Chitenge,Sleeveless,3,165.53,496.59000000000003,USA,Los Angeles,Instagram Ad,5
118,10688,2024-03-09 14:10:51.423612,509,Ankara Cocktail Dress,Dress,Chitenge,,2,195.08,390.16,Zambia,Livingstone,Email Newsletter,10
288,10689,2023-10-05 14:10:51.423612,511,Chitenge Button-Up Shirt,Shirt,Ankara,Embroidered Collar,1,102.38,102.38,Zambia,Lusaka,Instagram Ad,7
207,10690,2025-04-12 14:10:51.423612,512,Chitenge Blazer & Trousers,Suit,Ankara,,2,190.09,380.18,South Africa,Johannesburg,Pinterest,2
281,10691,2023-09-16 14:10:51.423612,503,Ankara Two-Piece Suit,Suit,Chitenge,,2,323.49,646.98,Zambia,Ndola,Instagram Ad,11
266,10692,2023-08-30 14:10:51.423612,506,Mud Cloth Midi Dress,Dress,Chitenge,,3,108.1,324.29999999999995,USA,New York,Email Newsletter,15
190,10693,2023-09-13 14:10:51.423612,501,Ankara Cocktail Dress,Dress,Chitenge,,2,204.51,409.02,Zambia,Lusaka,Pinterest,19
189,10694,2023-12-14 14:10:51.423612,514,Chitenge Blazer & Trousers,Suit,Chitenge,Sleeveless,1,170.89,170.89,Zambia,Kitwe,Referral,7
118,10695,2024-12-15 14:10:51.423612,507,Mud Cloth Midi Dress,Dress,Ankara,,3,229.88,689.64,USA,Houston,Instagram Ad,19
138,10696,2024-03-21 14:10:51.423612,506,Mud Cloth Midi Dress,Dress,Mud Cloth,,1,117.8,117.8,USA,New York,Instagram Ad,17
225,10697,2023-11-21 14:10:51.423612,514,Chitenge Blazer & Trousers,Suit,Ankara,,3,211.34,634.02,Zambia,Livingstone,Facebook Ad,16
294,10698,2024-01-24 14:10:51.423612,513,Ankara Cocktail Dress,Dress,Mud Cloth,Custom Lining,3,119.81,359.43,Zambia,Livingstone,Facebook Ad,17
272,10699,2024-10-13 14:10:51.423612,507,Mud Cloth Midi Dress,Dress,Chitenge,,2,150.51,301.02,South Africa,Johannesburg,Instagram Ad,9
240,10700,2024-11-25 14:10:51.423612,511,Chitenge Button-Up Shirt,Shirt,Chitenge,Extra Pockets,1,97.53,97.53,Zambia,Ndola,Instagram Ad,14
225,10701,2023-11-15 14:10:51.423612,512,Chitenge Blazer & Trousers,Suit,Ankara,,3,200.92,602.76,USA,New York,Referral,12
157,10702,2025-01-10 14:10:51.423612,510,Chitenge Maxi Dress,Dress,Ankara,,2,177.82,355.64,Australia,Sydney,Facebook Ad,8
247,10703,2024-05-06 14:10:51.423612,516,Mud Cloth Midi Dress,Dress,Chitenge,,3,198.43,595.29,Zambia,Kitwe,Instagram Ad,18
299,10704,2025-04-09 14:10:51.423612,516,Ankara Two-Piece Suit,Suit,Ankara,,3,259.77,779.31,Australia,Sydney,Instagram Ad,19
160,10705,2023-09-18 14:10:51.423612,503,Chitenge Headwrap,Accessories,Mud Cloth,,3,26.29,78.87,Zambia,Lusaka,Email Newsletter,14
226,10706,2023-08-22 14:10:51.423612,507,Chitenge Button-Up Shirt,Shirt,Chitenge,,3,104.11,312.33,USA,Los Angeles,Facebook Ad,16
204,10707,2024-06-30 14:10:51.423612,504,Chitenge Headwrap,Accessories,Chitenge,Extra Pockets,3,53.62,160.85999999999999,Zambia,Livingstone,Website Search,2
266,10708,2025-02-24 14:10:51.423612,515,Chitenge Button-Up Shirt,Shirt,Chitenge,Embroidered Collar,3,78.57,235.70999999999998,Australia,Sydney,Facebook Ad,17
100,10709,2024-12-14 14:10:51.423612,503,Chitenge Button-Up Shirt,Shirt,Ankara,Sleeveless,2,100.02,200.04,Zambia,Livingstone,Instagram Ad,6
230,10710,2023-08-17 14:10:51.423612,514,Ankara Polished Shirt,Shirt,Ankara,,3,98.81,296.43,Zambia,Kitwe,Facebook Ad,4
191,10711,2024-06-18 14:10:51.423612,511,Chitenge Button-Up Shirt,Shirt,Chitenge,,1,111.19,111.19,Australia,Sydney,Facebook Ad,11
289,10712,2025-03-19 14:10:51.423612,504,Mud Cloth Midi Dress,Dress,Ankara,,2,214.56,429.12,USA,Houston,Pinterest,6
290,10713,2024-03-08 14:10:51.423612,515,Ankara Two-Piece Suit,Suit,Ankara,Sleeveless,1,363.74,363.74,USA,Houston,Website Search,8
212,10714,2024-07-09 14:10:51.423612,513,Chitenge Button-Up Shirt,Shirt,Chitenge,Extra Pockets,3,55.3,165.89999999999998,Zambia,Livingstone,Instagram Ad,15
252,10715,2025-05-27 14:10:51.423612,509,Ankara Cocktail Dress,Dress,Mud Cloth,,1,127.75,127.75,UK,London,Email Newsletter,4
155,10716,2023-10-25 14:10:51.423612,506,Ankara Cocktail Dress,Dress,Ankara,,3,146.2,438.59999999999997,Zambia,Lusaka,Facebook Ad,14
260,10717,2025-08-01 14:10:51.423612,512,Chitenge Blazer & Trousers,Suit,Ankara,,3,166.64,499.91999999999996,Zambia,Livingstone,Email Newsletter,14
265,10718,2024-12-02 14:10:51.423612,519,Ankara Two-Piece Suit,Suit,Chitenge,,2,243.87,487.74,USA,Los Angeles,Email Newsletter,11
216,10719,2024-08-13 14:10:51.423612,504,Chitenge Button-Up Shirt,Shirt,Ankara,,2,119.8,239.6,Zambia,Livingstone,Instagram Ad,3
233,10720,2025-07-15 14:10:51.423612,502,Ankara Two-Piece Suit,Suit,Ankara,,3,205.03,615.09,Australia,Sydney,Facebook Ad,7
157,10721,2024-02-21 14:10:51.423612,514,Mud Cloth Midi Dress,Dress,Mud Cloth,Sleeveless,2,142.83,285.66,Australia,Sydney,Facebook Ad,9
143,10722,2025-01-23 14:10:51.423612,503,Chitenge Blazer & Trousers,Suit,Ankara,,1,314.18,314.18,UK,London,Website Search,5
272,10723,2024-11-13 14:10:51.423612,514,Chitenge Button-Up Shirt,Shirt,Ankara,,2,65.24,130.48,South Africa,Johannesburg,Facebook Ad,13
259,10724,2023-11-02 14:10:51.423612,513,Ankara Two-Piece Suit,Suit,Ankara,Custom Lining,2,151.33,302.66,USA,Houston,Email Newsletter,16
272,10725,2024-04-29 14:10:51.423612,519,Chitenge Button-Up Shirt,Shirt,Ankara,,1,88.39,88.39,Zambia,Livingstone,Website Search,9
160,10726,2025-05-21 14:10:51.423612,518,Chitenge Maxi Dress,Dress,Ankara,,2,173.17,346.34,UK,Manchester,Instagram Ad,8
146,10727,2025-02-26 14:10:51.423612,512,Chitenge Blazer & Trousers,Suit,Ankara,,3,319.37,958.11,Zambia,Livingstone,Instagram Ad,15
248,10728,2024-12-06 14:10:51.423612,509,Chitenge Button-Up Shirt,Shirt,Chitenge,,1,64.51,64.51,Zambia,Ndola,Website Search,15
179,10729,2025-01-24 14:10:51.423612,504,Chitenge Button-Up Shirt,Shirt,Chitenge,,3,96.37,289.11,South Africa,Johannesburg,Instagram Ad,14
217,10730,2023-09-21 14:10:51.423612,519,Ankara Cocktail Dress,Dress,Chitenge,Embroidered Collar,1,106.98,106.98,USA,New York,Website Search,2
263,10731,2024-05-19 14:10:51.423612,519,Mud Cloth Midi Dress,Dress,Mud Cloth,,3,153.64,460.91999999999996,Canada,Toronto,Facebook Ad,2
246,10732,2023-08-21 14:10:51.423612,505,Ankara Polished Shirt,Shirt,Chitenge,,3,87.92,263.76,Zambia,Kitwe,Facebook Ad,5
119,10733,2025-07-16 14:10:51.423612,503,Ankara Polished Shirt,Shirt,Ankara,,2,79.05,158.1,USA,New York,Instagram Ad,11
284,10734,2024-09-09 14:10:51.423612,501,Ankara Polished Shirt,Shirt,Ankara,,3,91.2,273.6,Zambia,Lusaka,Website Search,4
245,10735,2023-10-30 14:10:51.423612,515,Chitenge Maxi Dress,Dress,Mud Cloth,Tailored Fit,2,226.46,452.92,USA,Houston,Instagram Ad,10
146,10736,2024-04-11 14:10:51.423612,517,Ankara Polished Shirt,Shirt,Ankara,Tailored Fit,1,102.2,102.2,UK,London,Website Search,4
148,10737,2024-08-30 14:10:51.423612,504,Chitenge Blazer & Trousers,Suit,Chitenge,,3,183.41,550.23,USA,Los Angeles,Facebook Ad,7
113,10738,2024-07-05 14:10:51.423612,503,Ankara Two-Piece Suit,Suit,Chitenge,Sleeveless,3,389.62,1168.8600000000001,Zambia,Kitwe,Website Search,7
242,10739,2025-04-25 14:10:51.423612,512,Chitenge Blazer & Trousers,Suit,Chitenge,,1,283.31,283.31,Zambia,Ndola,Referral,13
258,10740,2025-01-05 14:10:51.423612,518,Ankara Two-Piece Suit,Suit,Chitenge,Custom Lining,1,206.26,206.26,Zambia,Lusaka,Instagram Ad,2
100,10741,2023-12-20 14:10:51.423612,501,Chitenge Blazer & Trousers,Suit,Chitenge,,3,265.78,797.3399999999999,USA,New York,Website Search,17
216,10742,2025-06-23 14:10:51.423612,512,Mud Cloth Midi Dress,Dress,Mud Cloth,Custom Lining,1,124.99,124.99,Australia,Sydney,Instagram Ad,6
153,10743,2024-12-15 14:10:51.423612,510,Ankara Two-Piece Suit,Suit,Ankara,Sleeveless,2,344.51,689.02,Zambia,Livingstone,Facebook Ad,10
217,10744,2025-08-01 14:10:51.423612,503,Ankara Polished Shirt,Shirt,Ankara,,1,56.19,56.19,UK,London,Instagram Ad,11
102,10745,2024-11-24 14:10:51.423612,519,Chitenge Blazer & Trousers,Suit,Ankara,,1,258.09,258.09,Canada,Toronto,Website Search,14
243,10746,2025-03-21 14:10:51.423612,519,Mud Cloth Midi Dress,Dress,Ankara,Custom Lining,3,85.72,257.15999999999997,USA,Houston,Email Newsletter,16
284,10747,2024-03-15 14:10:51.423612,514,Chitenge Button-Up Shirt,Shirt,Chitenge,Tailored Fit,2,89.01,178.02,USA,Houston,Referral,13
111,10748,2024-08-11 14:10:51.423612,503,Ankara Cocktail Dress,Dress,Ankara,,1,152.93,152.93,South Africa,Johannesburg,Facebook Ad,6
173,10749,2024-09-10 14:10:51.423612,508,Mud Cloth Midi Dress,Dress,Chitenge,Sleeveless,2,154.19,308.38,Zambia,Kitwe,Website Search,6
